solid OpenSCAD_Model
  facet normal -0 0 1
    outer loop
      vertex -88 21 6.3
      vertex -71 19 6.3
      vertex -71 21 6.3
    endloop
  endfacet
  facet normal 0 0 1
    outer loop
      vertex -71 19 6.3
      vertex -88 21 6.3
      vertex -88 19 6.3
    endloop
  endfacet
  facet normal -0 0 1
    outer loop
      vertex -88 41 6.3
      vertex -71 39 6.3
      vertex -71 41 6.3
    endloop
  endfacet
  facet normal 0 0 1
    outer loop
      vertex -71 39 6.3
      vertex -88 41 6.3
      vertex -88 39 6.3
    endloop
  endfacet
  facet normal -0 0 1
    outer loop
      vertex -88 61 6.3
      vertex -71 59 6.3
      vertex -71 61 6.3
    endloop
  endfacet
  facet normal 0 0 1
    outer loop
      vertex -71 59 6.3
      vertex -88 61 6.3
      vertex -88 59 6.3
    endloop
  endfacet
  facet normal -0 0 1
    outer loop
      vertex -69 41 6.3
      vertex -64 39 6.3
      vertex -64 41 6.3
    endloop
  endfacet
  facet normal 0 0 1
    outer loop
      vertex -64 39 6.3
      vertex -69 41 6.3
      vertex -69 39 6.3
    endloop
  endfacet
  facet normal -0 0 1
    outer loop
      vertex -69 61 6.3
      vertex -64 59 6.3
      vertex -64 61 6.3
    endloop
  endfacet
  facet normal 0 0 1
    outer loop
      vertex -64 59 6.3
      vertex -69 61 6.3
      vertex -69 59 6.3
    endloop
  endfacet
  facet normal -0 0 1
    outer loop
      vertex -64 59 6.3
      vertex -62 38 6.3
      vertex -62 75 6.3
    endloop
  endfacet
  facet normal -0 0 1
    outer loop
      vertex -64 41 6.3
      vertex -62 38 6.3
      vertex -64 59 6.3
    endloop
  endfacet
  facet normal -0 0 1
    outer loop
      vertex -64 39 6.3
      vertex -62 38 6.3
      vertex -64 41 6.3
    endloop
  endfacet
  facet normal 0 0 1
    outer loop
      vertex -64 38 6.3
      vertex -62 38 6.3
      vertex -64 39 6.3
    endloop
  endfacet
  facet normal 0 -0 1
    outer loop
      vertex -63.9957 37.8692 6.3
      vertex -62 38 6.3
      vertex -64 38 6.3
    endloop
  endfacet
  facet normal 0 -0 1
    outer loop
      vertex -63.9444 37.086 6.3
      vertex -62 38 6.3
      vertex -63.9957 37.8692 6.3
    endloop
  endfacet
  facet normal 0 0 1
    outer loop
      vertex -62 38 6.3
      vertex -62.8591 33.8889 6.3
      vertex -62.423 33.2363 6.3
    endloop
  endfacet
  facet normal 0 0 1
    outer loop
      vertex -62 38 6.3
      vertex -62.9899 34.1154 6.3
      vertex -62.8591 33.8889 6.3
    endloop
  endfacet
  facet normal 0 0 1
    outer loop
      vertex -62 38 6.3
      vertex -63.337 34.8193 6.3
      vertex -62.9899 34.1154 6.3
    endloop
  endfacet
  facet normal 0 0 1
    outer loop
      vertex -62 38 6.3
      vertex -63.4371 35.061 6.3
      vertex -63.337 34.8193 6.3
    endloop
  endfacet
  facet normal 0 0 1
    outer loop
      vertex -62 38 6.3
      vertex -63.6894 35.8042 6.3
      vertex -63.4371 35.061 6.3
    endloop
  endfacet
  facet normal 0 0 1
    outer loop
      vertex -64 61 6.3
      vertex -62 75 6.3
      vertex -64 73 6.3
    endloop
  endfacet
  facet normal 0 0 1
    outer loop
      vertex -62 75 6.3
      vertex -69 73 6.3
      vertex -64 73 6.3
    endloop
  endfacet
  facet normal 0 0 1
    outer loop
      vertex -71 61 6.3
      vertex -69 61 6.3
      vertex -69 73 6.3
    endloop
  endfacet
  facet normal 0 0 1
    outer loop
      vertex -69 61 6.3
      vertex -71 61 6.3
      vertex -69 59 6.3
    endloop
  endfacet
  facet normal 0 0 1
    outer loop
      vertex -69 59 6.3
      vertex -71 59 6.3
      vertex -69 41 6.3
    endloop
  endfacet
  facet normal 0 0 1
    outer loop
      vertex -71 41 6.3
      vertex -69 41 6.3
      vertex -71 59 6.3
    endloop
  endfacet
  facet normal 0 0 1
    outer loop
      vertex -71 39 6.3
      vertex -69 39 6.3
      vertex -71 41 6.3
    endloop
  endfacet
  facet normal 0 0 1
    outer loop
      vertex -69 39 6.3
      vertex -71 39 6.3
      vertex -69 21 6.3
    endloop
  endfacet
  facet normal 0 0 1
    outer loop
      vertex -71 61 6.3
      vertex -69 73 6.3
      vertex -71 73 6.3
    endloop
  endfacet
  facet normal 0 0 1
    outer loop
      vertex -62 75 6.3
      vertex -71 73 6.3
      vertex -69 73 6.3
    endloop
  endfacet
  facet normal -0 0 1
    outer loop
      vertex -84 75 6.3
      vertex -71 73 6.3
      vertex -62 75 6.3
    endloop
  endfacet
  facet normal 0 0 1
    outer loop
      vertex -71 73 6.3
      vertex -84 75 6.3
      vertex -83.9346 73 6.3
    endloop
  endfacet
  facet normal 0 0 1
    outer loop
      vertex -84 75 6.3
      vertex -84.5215 72.9615 6.3
      vertex -83.9346 73 6.3
    endloop
  endfacet
  facet normal -0 0 1
    outer loop
      vertex -84.7832 74.9487 6.3
      vertex -84.5215 72.9615 6.3
      vertex -84 75 6.3
    endloop
  endfacet
  facet normal 0 0 1
    outer loop
      vertex -84.7832 74.9487 6.3
      vertex -85.0342 72.8596 6.3
      vertex -84.5215 72.9615 6.3
    endloop
  endfacet
  facet normal -0 0 1
    outer loop
      vertex -85.5529 74.7955 6.3
      vertex -85.0342 72.8596 6.3
      vertex -84.7832 74.9487 6.3
    endloop
  endfacet
  facet normal 0 0 1
    outer loop
      vertex -85.0342 72.8596 6.3
      vertex -85.5529 74.7955 6.3
      vertex -85.5291 72.6916 6.3
    endloop
  endfacet
  facet normal -0 0 1
    outer loop
      vertex -86.2961 74.5433 6.3
      vertex -85.5291 72.6916 6.3
      vertex -85.5529 74.7955 6.3
    endloop
  endfacet
  facet normal 0 0 1
    outer loop
      vertex -85.5291 72.6916 6.3
      vertex -86.2961 74.5433 6.3
      vertex -85.9978 72.4604 6.3
    endloop
  endfacet
  facet normal -0 0 1
    outer loop
      vertex -87 74.1962 6.3
      vertex -85.9978 72.4604 6.3
      vertex -86.2961 74.5433 6.3
    endloop
  endfacet
  facet normal 0 0 1
    outer loop
      vertex -85.9978 72.4604 6.3
      vertex -87 74.1962 6.3
      vertex -86.4324 72.17 6.3
    endloop
  endfacet
  facet normal -0 0 1
    outer loop
      vertex -87.6526 73.7601 6.3
      vertex -86.4324 72.17 6.3
      vertex -87 74.1962 6.3
    endloop
  endfacet
  facet normal 0 0 1
    outer loop
      vertex -86.4324 72.17 6.3
      vertex -87.6526 73.7601 6.3
      vertex -86.8254 71.8254 6.3
    endloop
  endfacet
  facet normal -0 0 1
    outer loop
      vertex -88.2426 73.2426 6.3
      vertex -86.8254 71.8254 6.3
      vertex -87.6526 73.7601 6.3
    endloop
  endfacet
  facet normal 0 0 1
    outer loop
      vertex -86.8254 71.8254 6.3
      vertex -88.2426 73.2426 6.3
      vertex -87.17 71.4324 6.3
    endloop
  endfacet
  facet normal -0 0 1
    outer loop
      vertex -88.7601 72.6526 6.3
      vertex -87.17 71.4324 6.3
      vertex -88.2426 73.2426 6.3
    endloop
  endfacet
  facet normal 0 0 1
    outer loop
      vertex -87.17 71.4324 6.3
      vertex -88.7601 72.6526 6.3
      vertex -87.4604 70.9978 6.3
    endloop
  endfacet
  facet normal -0 0 1
    outer loop
      vertex -89.1962 72 6.3
      vertex -87.4604 70.9978 6.3
      vertex -88.7601 72.6526 6.3
    endloop
  endfacet
  facet normal 0 0 1
    outer loop
      vertex -90 69 6.3
      vertex -88 61 6.3
      vertex -88 68.9346 6.3
    endloop
  endfacet
  facet normal 0 0 1
    outer loop
      vertex -88 61 6.3
      vertex -90 69 6.3
      vertex -88 59 6.3
    endloop
  endfacet
  facet normal 0 0 1
    outer loop
      vertex -88 59 6.3
      vertex -90 69 6.3
      vertex -88 41 6.3
    endloop
  endfacet
  facet normal 0 0 1
    outer loop
      vertex -88 41 6.3
      vertex -90 69 6.3
      vertex -88 39 6.3
    endloop
  endfacet
  facet normal 0 0 1
    outer loop
      vertex -90 6 6.3
      vertex -88 39 6.3
      vertex -90 69 6.3
    endloop
  endfacet
  facet normal 0 0 1
    outer loop
      vertex -88 39 6.3
      vertex -90 6 6.3
      vertex -88 21 6.3
    endloop
  endfacet
  facet normal 0 0 1
    outer loop
      vertex -87.6916 70.5291 6.3
      vertex -89.5433 71.2961 6.3
      vertex -87.8596 70.0342 6.3
    endloop
  endfacet
  facet normal -0 0 1
    outer loop
      vertex -89.5433 71.2961 6.3
      vertex -87.6916 70.5291 6.3
      vertex -89.1962 72 6.3
    endloop
  endfacet
  facet normal 0 0 1
    outer loop
      vertex -87.4604 70.9978 6.3
      vertex -89.1962 72 6.3
      vertex -87.6916 70.5291 6.3
    endloop
  endfacet
  facet normal -0 0 1
    outer loop
      vertex -69 21 6.3
      vertex -51 19 6.3
      vertex -51 21 6.3
    endloop
  endfacet
  facet normal 0 0 1
    outer loop
      vertex -51 19 6.3
      vertex -69 21 6.3
      vertex -69 19 6.3
    endloop
  endfacet
  facet normal 0 0 1
    outer loop
      vertex -64 59 6.3
      vertex -62 75 6.3
      vertex -64 61 6.3
    endloop
  endfacet
  facet normal 0 0 1
    outer loop
      vertex -62 38 6.3
      vertex -62.423 33.2363 6.3
      vertex -62.2638 33.0287 6.3
    endloop
  endfacet
  facet normal 0 0 1
    outer loop
      vertex -62 38 6.3
      vertex -63.9102 36.8266 6.3
      vertex -63.7571 36.0569 6.3
    endloop
  endfacet
  facet normal 0 0 1
    outer loop
      vertex -62 38 6.3
      vertex -63.9444 37.086 6.3
      vertex -63.9102 36.8266 6.3
    endloop
  endfacet
  facet normal 0 0 1
    outer loop
      vertex -62 38 6.3
      vertex -63.7571 36.0569 6.3
      vertex -63.6894 35.8042 6.3
    endloop
  endfacet
  facet normal 0 0 1
    outer loop
      vertex -48.5 10 6.3
      vertex -49 10 6.3
      vertex -48.5 2 6.3
    endloop
  endfacet
  facet normal -0 0 1
    outer loop
      vertex -49 21 6.3
      vertex -31 19 6.3
      vertex -31 21 6.3
    endloop
  endfacet
  facet normal 0 0 1
    outer loop
      vertex -31 19 6.3
      vertex -49 21 6.3
      vertex -49 19 6.3
    endloop
  endfacet
  facet normal -0 0 1
    outer loop
      vertex -29 21 6.3
      vertex -11 19 6.3
      vertex -11 21 6.3
    endloop
  endfacet
  facet normal 0 0 1
    outer loop
      vertex -11 19 6.3
      vertex -29 21 6.3
      vertex -29 19 6.3
    endloop
  endfacet
  facet normal -0 0 1
    outer loop
      vertex -9 21 6.3
      vertex 9 19 6.3
      vertex 9 21 6.3
    endloop
  endfacet
  facet normal 0 0 1
    outer loop
      vertex 9 19 6.3
      vertex -9 21 6.3
      vertex -9 19 6.3
    endloop
  endfacet
  facet normal -0 0 1
    outer loop
      vertex 11 21 6.3
      vertex 29 19 6.3
      vertex 29 21 6.3
    endloop
  endfacet
  facet normal 0 0 1
    outer loop
      vertex 29 19 6.3
      vertex 11 21 6.3
      vertex 11 19 6.3
    endloop
  endfacet
  facet normal -0 0 1
    outer loop
      vertex 31 21 6.3
      vertex 49 19 6.3
      vertex 49 21 6.3
    endloop
  endfacet
  facet normal 0 0 1
    outer loop
      vertex 49 19 6.3
      vertex 31 21 6.3
      vertex 31 19 6.3
    endloop
  endfacet
  facet normal -0 0 1
    outer loop
      vertex 51 21 6.3
      vertex 69 19 6.3
      vertex 69 21 6.3
    endloop
  endfacet
  facet normal 0 0 1
    outer loop
      vertex 69 19 6.3
      vertex 51 21 6.3
      vertex 51 19 6.3
    endloop
  endfacet
  facet normal -0 0 1
    outer loop
      vertex 64 41 6.3
      vertex 69 39 6.3
      vertex 69 41 6.3
    endloop
  endfacet
  facet normal 0 0 1
    outer loop
      vertex 69 39 6.3
      vertex 64 41 6.3
      vertex 64 39 6.3
    endloop
  endfacet
  facet normal -0 0 1
    outer loop
      vertex 64 61 6.3
      vertex 69 59 6.3
      vertex 69 61 6.3
    endloop
  endfacet
  facet normal 0 0 1
    outer loop
      vertex 69 59 6.3
      vertex 64 61 6.3
      vertex 64 59 6.3
    endloop
  endfacet
  facet normal 0 0 1
    outer loop
      vertex 71.5 10 6.3
      vertex 71 10 6.3
      vertex 71.5 2 6.3
    endloop
  endfacet
  facet normal -0 0 1
    outer loop
      vertex 71 21 6.3
      vertex 88 19 6.3
      vertex 88 21 6.3
    endloop
  endfacet
  facet normal 0 0 1
    outer loop
      vertex 88 19 6.3
      vertex 71 21 6.3
      vertex 71 19 6.3
    endloop
  endfacet
  facet normal -0 0 1
    outer loop
      vertex 71 41 6.3
      vertex 88 39 6.3
      vertex 88 41 6.3
    endloop
  endfacet
  facet normal 0 0 1
    outer loop
      vertex 88 39 6.3
      vertex 71 41 6.3
      vertex 71 39 6.3
    endloop
  endfacet
  facet normal -0 0 1
    outer loop
      vertex 71 61 6.3
      vertex 88 59 6.3
      vertex 88 61 6.3
    endloop
  endfacet
  facet normal 0 0 1
    outer loop
      vertex 88 59 6.3
      vertex 71 61 6.3
      vertex 71 59 6.3
    endloop
  endfacet
  facet normal -0 0 1
    outer loop
      vertex 87.9615 69.5215 6.3
      vertex 90 69 6.3
      vertex 89.9487 69.7832 6.3
    endloop
  endfacet
  facet normal 0 0 1
    outer loop
      vertex 88 39 6.3
      vertex 90 69 6.3
      vertex 88 41 6.3
    endloop
  endfacet
  facet normal 0 0 1
    outer loop
      vertex 87.9615 69.5215 6.3
      vertex 89.9487 69.7832 6.3
      vertex 89.7955 70.5529 6.3
    endloop
  endfacet
  facet normal 0 0 1
    outer loop
      vertex 90 69 6.3
      vertex 88 39 6.3
      vertex 90 6 6.3
    endloop
  endfacet
  facet normal 0 0 1
    outer loop
      vertex 87.8596 70.0342 6.3
      vertex 89.7955 70.5529 6.3
      vertex 89.5433 71.2961 6.3
    endloop
  endfacet
  facet normal -0 0 1
    outer loop
      vertex 88 21 6.3
      vertex 90 6 6.3
      vertex 88 39 6.3
    endloop
  endfacet
  facet normal 0 0 1
    outer loop
      vertex 87.6916 70.5291 6.3
      vertex 89.5433 71.2961 6.3
      vertex 89.1962 72 6.3
    endloop
  endfacet
  facet normal -0 0 1
    outer loop
      vertex 88 19 6.3
      vertex 90 6 6.3
      vertex 88 21 6.3
    endloop
  endfacet
  facet normal 0 0 1
    outer loop
      vertex 87.4604 70.9978 6.3
      vertex 89.1962 72 6.3
      vertex 88.7601 72.6526 6.3
    endloop
  endfacet
  facet normal -0 0 1
    outer loop
      vertex 88 6.06538 6.3
      vertex 90 6 6.3
      vertex 88 19 6.3
    endloop
  endfacet
  facet normal 0 0 1
    outer loop
      vertex 87.17 71.4324 6.3
      vertex 88.7601 72.6526 6.3
      vertex 88.2426 73.2426 6.3
    endloop
  endfacet
  facet normal 0 0 1
    outer loop
      vertex 87.9615 5.47849 6.3
      vertex 90 6 6.3
      vertex 88 6.06538 6.3
    endloop
  endfacet
  facet normal 0 0 1
    outer loop
      vertex 90 69 6.3
      vertex 88 68.9346 6.3
      vertex 88 61 6.3
    endloop
  endfacet
  facet normal 0 0 1
    outer loop
      vertex 90 69 6.3
      vertex 87.9615 69.5215 6.3
      vertex 88 68.9346 6.3
    endloop
  endfacet
  facet normal 0 0 1
    outer loop
      vertex 89.7955 70.5529 6.3
      vertex 87.8596 70.0342 6.3
      vertex 87.9615 69.5215 6.3
    endloop
  endfacet
  facet normal 0 0 1
    outer loop
      vertex 89.5433 71.2961 6.3
      vertex 87.6916 70.5291 6.3
      vertex 87.8596 70.0342 6.3
    endloop
  endfacet
  facet normal 0 0 1
    outer loop
      vertex 86.8254 71.8254 6.3
      vertex 88.2426 73.2426 6.3
      vertex 87.6526 73.7601 6.3
    endloop
  endfacet
  facet normal 0 0 1
    outer loop
      vertex 89.1962 72 6.3
      vertex 87.4604 70.9978 6.3
      vertex 87.6916 70.5291 6.3
    endloop
  endfacet
  facet normal 0 0 1
    outer loop
      vertex 88.7601 72.6526 6.3
      vertex 87.17 71.4324 6.3
      vertex 87.4604 70.9978 6.3
    endloop
  endfacet
  facet normal 0 0 1
    outer loop
      vertex 86.4324 72.17 6.3
      vertex 87.6526 73.7601 6.3
      vertex 87 74.1962 6.3
    endloop
  endfacet
  facet normal 0 0 1
    outer loop
      vertex 88.2426 73.2426 6.3
      vertex 86.8254 71.8254 6.3
      vertex 87.17 71.4324 6.3
    endloop
  endfacet
  facet normal 0 0 1
    outer loop
      vertex 87.6526 73.7601 6.3
      vertex 86.4324 72.17 6.3
      vertex 86.8254 71.8254 6.3
    endloop
  endfacet
  facet normal 0 0 1
    outer loop
      vertex 85.9978 72.4604 6.3
      vertex 87 74.1962 6.3
      vertex 86.2961 74.5433 6.3
    endloop
  endfacet
  facet normal 0 0 1
    outer loop
      vertex 87 74.1962 6.3
      vertex 85.9978 72.4604 6.3
      vertex 86.4324 72.17 6.3
    endloop
  endfacet
  facet normal 0 0 1
    outer loop
      vertex 85.5291 72.6916 6.3
      vertex 86.2961 74.5433 6.3
      vertex 85.5529 74.7955 6.3
    endloop
  endfacet
  facet normal 0 0 1
    outer loop
      vertex 86.2961 74.5433 6.3
      vertex 85.5291 72.6916 6.3
      vertex 85.9978 72.4604 6.3
    endloop
  endfacet
  facet normal 0 0 1
    outer loop
      vertex 85.5529 74.7955 6.3
      vertex 85.0342 72.8596 6.3
      vertex 85.5291 72.6916 6.3
    endloop
  endfacet
  facet normal 0 0 1
    outer loop
      vertex 84.7832 74.9487 6.3
      vertex 85.0342 72.8596 6.3
      vertex 85.5529 74.7955 6.3
    endloop
  endfacet
  facet normal 0 0 1
    outer loop
      vertex 84.7832 74.9487 6.3
      vertex 84.5215 72.9615 6.3
      vertex 85.0342 72.8596 6.3
    endloop
  endfacet
  facet normal 0 0 1
    outer loop
      vertex 84 75 6.3
      vertex 84.5215 72.9615 6.3
      vertex 84.7832 74.9487 6.3
    endloop
  endfacet
  facet normal 0 0 1
    outer loop
      vertex 84 75 6.3
      vertex 83.9346 73 6.3
      vertex 84.5215 72.9615 6.3
    endloop
  endfacet
  facet normal 0 0 1
    outer loop
      vertex 84 75 6.3
      vertex 71 73 6.3
      vertex 83.9346 73 6.3
    endloop
  endfacet
  facet normal 0 0 1
    outer loop
      vertex 69 61 6.3
      vertex 71 61 6.3
      vertex 71 73 6.3
    endloop
  endfacet
  facet normal 0 0 1
    outer loop
      vertex 71 61 6.3
      vertex 69 61 6.3
      vertex 71 59 6.3
    endloop
  endfacet
  facet normal 0 0 1
    outer loop
      vertex 71 59 6.3
      vertex 69 59 6.3
      vertex 71 41 6.3
    endloop
  endfacet
  facet normal 0 0 1
    outer loop
      vertex 69 41 6.3
      vertex 71 41 6.3
      vertex 69 59 6.3
    endloop
  endfacet
  facet normal 0 0 1
    outer loop
      vertex 69 39 6.3
      vertex 71 39 6.3
      vertex 69 41 6.3
    endloop
  endfacet
  facet normal 0 0 1
    outer loop
      vertex 71 39 6.3
      vertex 69 39 6.3
      vertex 71 21 6.3
    endloop
  endfacet
  facet normal 0 0 1
    outer loop
      vertex 69 61 6.3
      vertex 71 73 6.3
      vertex 69 73 6.3
    endloop
  endfacet
  facet normal -0 0 1
    outer loop
      vertex 62 75 6.3
      vertex 71 73 6.3
      vertex 84 75 6.3
    endloop
  endfacet
  facet normal 0 0 1
    outer loop
      vertex 71 73 6.3
      vertex 62 75 6.3
      vertex 69 73 6.3
    endloop
  endfacet
  facet normal 0 0 1
    outer loop
      vertex 62 75 6.3
      vertex 64 61 6.3
      vertex 64 73 6.3
    endloop
  endfacet
  facet normal 0 0 1
    outer loop
      vertex 64 61 6.3
      vertex 62 75 6.3
      vertex 64 59 6.3
    endloop
  endfacet
  facet normal 0 0 1
    outer loop
      vertex 62 38 6.3
      vertex 64 59 6.3
      vertex 62 75 6.3
    endloop
  endfacet
  facet normal 0 0 1
    outer loop
      vertex 64 41 6.3
      vertex 62 38 6.3
      vertex 64 39 6.3
    endloop
  endfacet
  facet normal 0 0 1
    outer loop
      vertex 64 39 6.3
      vertex 62 38 6.3
      vertex 64 38 6.3
    endloop
  endfacet
  facet normal 0 0 1
    outer loop
      vertex 64 38 6.3
      vertex 62 38 6.3
      vertex 63.9957 37.8692 6.3
    endloop
  endfacet
  facet normal 0 0 1
    outer loop
      vertex 63.9957 37.8692 6.3
      vertex 62 38 6.3
      vertex 63.9444 37.086 6.3
    endloop
  endfacet
  facet normal -0 0 1
    outer loop
      vertex 61.9487 37.2168 6.3
      vertex 63.9444 37.086 6.3
      vertex 62 38 6.3
    endloop
  endfacet
  facet normal 0 0 1
    outer loop
      vertex 63.9444 37.086 6.3
      vertex 61.9487 37.2168 6.3
      vertex 63.9102 36.8266 6.3
    endloop
  endfacet
  facet normal 0 0 1
    outer loop
      vertex 63.9102 36.8266 6.3
      vertex 61.9487 37.2168 6.3
      vertex 63.7571 36.0569 6.3
    endloop
  endfacet
  facet normal -0 0 1
    outer loop
      vertex 61.7955 36.4471 6.3
      vertex 63.7571 36.0569 6.3
      vertex 61.9487 37.2168 6.3
    endloop
  endfacet
  facet normal 0 0 1
    outer loop
      vertex 63.7571 36.0569 6.3
      vertex 61.7955 36.4471 6.3
      vertex 63.6894 35.8042 6.3
    endloop
  endfacet
  facet normal 0 0 1
    outer loop
      vertex 63.6894 35.8042 6.3
      vertex 61.7955 36.4471 6.3
      vertex 63.4371 35.061 6.3
    endloop
  endfacet
  facet normal -0 0 1
    outer loop
      vertex 61.5433 35.7039 6.3
      vertex 63.4371 35.061 6.3
      vertex 61.7955 36.4471 6.3
    endloop
  endfacet
  facet normal 0 0 1
    outer loop
      vertex 63.4371 35.061 6.3
      vertex 61.5433 35.7039 6.3
      vertex 63.337 34.8193 6.3
    endloop
  endfacet
  facet normal 0 0 1
    outer loop
      vertex 69 73 6.3
      vertex 62 75 6.3
      vertex 64 73 6.3
    endloop
  endfacet
  facet normal 0 0 1
    outer loop
      vertex 64 59 6.3
      vertex 62 38 6.3
      vertex 64 41 6.3
    endloop
  endfacet
  facet normal 0 0 1
    outer loop
      vertex 63.337 34.8193 6.3
      vertex 61.5433 35.7039 6.3
      vertex 62.9899 34.1154 6.3
    endloop
  endfacet
  facet normal -0 0 1
    outer loop
      vertex 61.1962 35 6.3
      vertex 62.9899 34.1154 6.3
      vertex 61.5433 35.7039 6.3
    endloop
  endfacet
  facet normal 0 0 1
    outer loop
      vertex 62.9899 34.1154 6.3
      vertex 61.1962 35 6.3
      vertex 62.8591 33.8889 6.3
    endloop
  endfacet
  facet normal 0 0 1
    outer loop
      vertex 62.8591 33.8889 6.3
      vertex 61.1962 35 6.3
      vertex 62.423 33.2363 6.3
    endloop
  endfacet
  facet normal -0 0 1
    outer loop
      vertex 60.7601 34.3474 6.3
      vertex 62.423 33.2363 6.3
      vertex 61.1962 35 6.3
    endloop
  endfacet
  facet normal 0 0 1
    outer loop
      vertex 62.423 33.2363 6.3
      vertex 60.7601 34.3474 6.3
      vertex 62.2638 33.0287 6.3
    endloop
  endfacet
  facet normal 0 0 1
    outer loop
      vertex 62.2638 33.0287 6.3
      vertex 60.7601 34.3474 6.3
      vertex 61.7463 32.4387 6.3
    endloop
  endfacet
  facet normal -0 0 1
    outer loop
      vertex 60.2426 33.7574 6.3
      vertex 61.7463 32.4387 6.3
      vertex 60.7601 34.3474 6.3
    endloop
  endfacet
  facet normal 0 0 1
    outer loop
      vertex 61.7463 32.4387 6.3
      vertex 60.2426 33.7574 6.3
      vertex 61.5613 32.2537 6.3
    endloop
  endfacet
  facet normal 0 0 1
    outer loop
      vertex 61.5613 32.2537 6.3
      vertex 60.2426 33.7574 6.3
      vertex 60.9713 31.7362 6.3
    endloop
  endfacet
  facet normal -0 0 1
    outer loop
      vertex 59.6526 33.2399 6.3
      vertex 60.9713 31.7362 6.3
      vertex 60.2426 33.7574 6.3
    endloop
  endfacet
  facet normal 0 0 1
    outer loop
      vertex 60.9713 31.7362 6.3
      vertex 59.6526 33.2399 6.3
      vertex 60.7637 31.577 6.3
    endloop
  endfacet
  facet normal 0 0 1
    outer loop
      vertex 60.7637 31.577 6.3
      vertex 59.6526 33.2399 6.3
      vertex 60.1111 31.1409 6.3
    endloop
  endfacet
  facet normal -0 0 1
    outer loop
      vertex 59 32.8038 6.3
      vertex 60.1111 31.1409 6.3
      vertex 59.6526 33.2399 6.3
    endloop
  endfacet
  facet normal 0 0 1
    outer loop
      vertex 60.1111 31.1409 6.3
      vertex 59 32.8038 6.3
      vertex 59.8846 31.0101 6.3
    endloop
  endfacet
  facet normal 0 0 1
    outer loop
      vertex 59.8846 31.0101 6.3
      vertex 59 32.8038 6.3
      vertex 59.1807 30.663 6.3
    endloop
  endfacet
  facet normal -0 0 1
    outer loop
      vertex 58.2961 32.4567 6.3
      vertex 59.1807 30.663 6.3
      vertex 59 32.8038 6.3
    endloop
  endfacet
  facet normal 0 0 1
    outer loop
      vertex 59.1807 30.663 6.3
      vertex 58.2961 32.4567 6.3
      vertex 58.939 30.5629 6.3
    endloop
  endfacet
  facet normal 0 0 1
    outer loop
      vertex 58.2961 32.4567 6.3
      vertex 58.1958 30.3106 6.3
      vertex 58.939 30.5629 6.3
    endloop
  endfacet
  facet normal -0 0 1
    outer loop
      vertex 57.5529 32.2045 6.3
      vertex 58.1958 30.3106 6.3
      vertex 58.2961 32.4567 6.3
    endloop
  endfacet
  facet normal 0 0 1
    outer loop
      vertex 58.1958 30.3106 6.3
      vertex 57.5529 32.2045 6.3
      vertex 57.9431 30.2429 6.3
    endloop
  endfacet
  facet normal 0 0 1
    outer loop
      vertex 57.5529 32.2045 6.3
      vertex 57.1734 30.0898 6.3
      vertex 57.9431 30.2429 6.3
    endloop
  endfacet
  facet normal -0 0 1
    outer loop
      vertex 56.7832 32.0513 6.3
      vertex 57.1734 30.0898 6.3
      vertex 57.5529 32.2045 6.3
    endloop
  endfacet
  facet normal 0 0 1
    outer loop
      vertex 57.1734 30.0898 6.3
      vertex 56.7832 32.0513 6.3
      vertex 56.914 30.0556 6.3
    endloop
  endfacet
  facet normal 0 0 1
    outer loop
      vertex 56.7832 32.0513 6.3
      vertex 56.1308 30.0043 6.3
      vertex 56.914 30.0556 6.3
    endloop
  endfacet
  facet normal -0 0 1
    outer loop
      vertex 56 32 6.3
      vertex 56.1308 30.0043 6.3
      vertex 56.7832 32.0513 6.3
    endloop
  endfacet
  facet normal 0 0 1
    outer loop
      vertex 56 32 6.3
      vertex 56 30 6.3
      vertex 56.1308 30.0043 6.3
    endloop
  endfacet
  facet normal 0 0 1
    outer loop
      vertex 56 32 6.3
      vertex 51 30 6.3
      vertex 56 30 6.3
    endloop
  endfacet
  facet normal 0 0 1
    outer loop
      vertex 49 21 6.3
      vertex 51 21 6.3
      vertex 51 30 6.3
    endloop
  endfacet
  facet normal 0 0 1
    outer loop
      vertex 51 21 6.3
      vertex 49 21 6.3
      vertex 51 19 6.3
    endloop
  endfacet
  facet normal 0 0 1
    outer loop
      vertex 49 21 6.3
      vertex 51 30 6.3
      vertex 49 30 6.3
    endloop
  endfacet
  facet normal 0 0 1
    outer loop
      vertex 56 32 6.3
      vertex 49 30 6.3
      vertex 51 30 6.3
    endloop
  endfacet
  facet normal 0 0 1
    outer loop
      vertex 56 32 6.3
      vertex 31 30 6.3
      vertex 49 30 6.3
    endloop
  endfacet
  facet normal 0 0 1
    outer loop
      vertex 29 21 6.3
      vertex 31 21 6.3
      vertex 31 30 6.3
    endloop
  endfacet
  facet normal 0 0 1
    outer loop
      vertex 31 21 6.3
      vertex 29 21 6.3
      vertex 31 19 6.3
    endloop
  endfacet
  facet normal 0 0 1
    outer loop
      vertex 29 21 6.3
      vertex 31 30 6.3
      vertex 29 30 6.3
    endloop
  endfacet
  facet normal 0 0 1
    outer loop
      vertex 56 32 6.3
      vertex 29 30 6.3
      vertex 31 30 6.3
    endloop
  endfacet
  facet normal 0 0 1
    outer loop
      vertex 56 32 6.3
      vertex 11 30 6.3
      vertex 29 30 6.3
    endloop
  endfacet
  facet normal 0 0 1
    outer loop
      vertex 9 21 6.3
      vertex 11 21 6.3
      vertex 11 30 6.3
    endloop
  endfacet
  facet normal 0 0 1
    outer loop
      vertex 11 21 6.3
      vertex 9 21 6.3
      vertex 11 19 6.3
    endloop
  endfacet
  facet normal 0 0 1
    outer loop
      vertex 9 21 6.3
      vertex 11 30 6.3
      vertex 9 30 6.3
    endloop
  endfacet
  facet normal 0 0 1
    outer loop
      vertex 56 32 6.3
      vertex 9 30 6.3
      vertex 11 30 6.3
    endloop
  endfacet
  facet normal 0 0 1
    outer loop
      vertex 56 32 6.3
      vertex -9 30 6.3
      vertex 9 30 6.3
    endloop
  endfacet
  facet normal 0 0 1
    outer loop
      vertex -11 21 6.3
      vertex -9 21 6.3
      vertex -9 30 6.3
    endloop
  endfacet
  facet normal 0 0 1
    outer loop
      vertex -9 21 6.3
      vertex -11 21 6.3
      vertex -9 19 6.3
    endloop
  endfacet
  facet normal 0 0 1
    outer loop
      vertex -11 21 6.3
      vertex -9 30 6.3
      vertex -11 30 6.3
    endloop
  endfacet
  facet normal -0 0 1
    outer loop
      vertex -56 32 6.3
      vertex -9 30 6.3
      vertex 56 32 6.3
    endloop
  endfacet
  facet normal 0 0 1
    outer loop
      vertex -9 30 6.3
      vertex -56 32 6.3
      vertex -11 30 6.3
    endloop
  endfacet
  facet normal 0 0 1
    outer loop
      vertex -31 21 6.3
      vertex -29 21 6.3
      vertex -29 30 6.3
    endloop
  endfacet
  facet normal 0 0 1
    outer loop
      vertex -29 21 6.3
      vertex -31 21 6.3
      vertex -29 19 6.3
    endloop
  endfacet
  facet normal 0 0 1
    outer loop
      vertex -31 21 6.3
      vertex -29 30 6.3
      vertex -31 30 6.3
    endloop
  endfacet
  facet normal 0 0 1
    outer loop
      vertex -11 30 6.3
      vertex -56 32 6.3
      vertex -29 30 6.3
    endloop
  endfacet
  facet normal 0 0 1
    outer loop
      vertex -29 30 6.3
      vertex -56 32 6.3
      vertex -31 30 6.3
    endloop
  endfacet
  facet normal 0 0 1
    outer loop
      vertex -51 21 6.3
      vertex -49 21 6.3
      vertex -49 30 6.3
    endloop
  endfacet
  facet normal 0 0 1
    outer loop
      vertex -49 21 6.3
      vertex -51 21 6.3
      vertex -49 19 6.3
    endloop
  endfacet
  facet normal 0 0 1
    outer loop
      vertex -51 21 6.3
      vertex -49 30 6.3
      vertex -51 30 6.3
    endloop
  endfacet
  facet normal 0 0 1
    outer loop
      vertex -31 30 6.3
      vertex -56 32 6.3
      vertex -49 30 6.3
    endloop
  endfacet
  facet normal 0 0 1
    outer loop
      vertex -49 30 6.3
      vertex -56 32 6.3
      vertex -51 30 6.3
    endloop
  endfacet
  facet normal 0 0 1
    outer loop
      vertex -56 32 6.3
      vertex -56 30 6.3
      vertex -51 30 6.3
    endloop
  endfacet
  facet normal 0 0 1
    outer loop
      vertex -56 32 6.3
      vertex -56.1308 30.0043 6.3
      vertex -56 30 6.3
    endloop
  endfacet
  facet normal 0 0 1
    outer loop
      vertex -56.7832 32.0513 6.3
      vertex -56.1308 30.0043 6.3
      vertex -56 32 6.3
    endloop
  endfacet
  facet normal 0 0 1
    outer loop
      vertex -56.7832 32.0513 6.3
      vertex -56.914 30.0556 6.3
      vertex -56.1308 30.0043 6.3
    endloop
  endfacet
  facet normal 0 0 1
    outer loop
      vertex -56.7832 32.0513 6.3
      vertex -57.1734 30.0898 6.3
      vertex -56.914 30.0556 6.3
    endloop
  endfacet
  facet normal 0 0 1
    outer loop
      vertex -57.5529 32.2045 6.3
      vertex -57.1734 30.0898 6.3
      vertex -56.7832 32.0513 6.3
    endloop
  endfacet
  facet normal 0 0 1
    outer loop
      vertex -57.5529 32.2045 6.3
      vertex -57.9431 30.2429 6.3
      vertex -57.1734 30.0898 6.3
    endloop
  endfacet
  facet normal 0 0 1
    outer loop
      vertex -57.5529 32.2045 6.3
      vertex -58.1958 30.3106 6.3
      vertex -57.9431 30.2429 6.3
    endloop
  endfacet
  facet normal 0 0 1
    outer loop
      vertex -58.2961 32.4567 6.3
      vertex -58.1958 30.3106 6.3
      vertex -57.5529 32.2045 6.3
    endloop
  endfacet
  facet normal 0 0 1
    outer loop
      vertex -58.2961 32.4567 6.3
      vertex -58.939 30.5629 6.3
      vertex -58.1958 30.3106 6.3
    endloop
  endfacet
  facet normal 0 0 1
    outer loop
      vertex -59.1807 30.663 6.3
      vertex -58.2961 32.4567 6.3
      vertex -59 32.8038 6.3
    endloop
  endfacet
  facet normal 0 0 1
    outer loop
      vertex -58.2961 32.4567 6.3
      vertex -59.1807 30.663 6.3
      vertex -58.939 30.5629 6.3
    endloop
  endfacet
  facet normal 0 0 1
    outer loop
      vertex -60.1111 31.1409 6.3
      vertex -59 32.8038 6.3
      vertex -59.6526 33.2399 6.3
    endloop
  endfacet
  facet normal 0 0 1
    outer loop
      vertex -59 32.8038 6.3
      vertex -59.8846 31.0101 6.3
      vertex -59.1807 30.663 6.3
    endloop
  endfacet
  facet normal 0 0 1
    outer loop
      vertex -59 32.8038 6.3
      vertex -60.1111 31.1409 6.3
      vertex -59.8846 31.0101 6.3
    endloop
  endfacet
  facet normal 0 0 1
    outer loop
      vertex -60.9713 31.7362 6.3
      vertex -59.6526 33.2399 6.3
      vertex -60.2426 33.7574 6.3
    endloop
  endfacet
  facet normal 0 0 1
    outer loop
      vertex -61.7463 32.4387 6.3
      vertex -60.2426 33.7574 6.3
      vertex -60.7601 34.3474 6.3
    endloop
  endfacet
  facet normal 0 0 1
    outer loop
      vertex -59.6526 33.2399 6.3
      vertex -60.7637 31.577 6.3
      vertex -60.1111 31.1409 6.3
    endloop
  endfacet
  facet normal 0 0 1
    outer loop
      vertex -59.6526 33.2399 6.3
      vertex -60.9713 31.7362 6.3
      vertex -60.7637 31.577 6.3
    endloop
  endfacet
  facet normal 0 0 1
    outer loop
      vertex -62.2638 33.0287 6.3
      vertex -60.7601 34.3474 6.3
      vertex -61.1962 35 6.3
    endloop
  endfacet
  facet normal 0 0 1
    outer loop
      vertex -62.2638 33.0287 6.3
      vertex -61.1962 35 6.3
      vertex -61.5433 35.7039 6.3
    endloop
  endfacet
  facet normal 0 0 1
    outer loop
      vertex -60.2426 33.7574 6.3
      vertex -61.5613 32.2537 6.3
      vertex -60.9713 31.7362 6.3
    endloop
  endfacet
  facet normal 0 0 1
    outer loop
      vertex -60.2426 33.7574 6.3
      vertex -61.7463 32.4387 6.3
      vertex -61.5613 32.2537 6.3
    endloop
  endfacet
  facet normal 0 0 1
    outer loop
      vertex -62.2638 33.0287 6.3
      vertex -61.5433 35.7039 6.3
      vertex -61.7955 36.4471 6.3
    endloop
  endfacet
  facet normal 0 0 1
    outer loop
      vertex -62.2638 33.0287 6.3
      vertex -61.7955 36.4471 6.3
      vertex -61.9487 37.2168 6.3
    endloop
  endfacet
  facet normal 0 0 1
    outer loop
      vertex -62.2638 33.0287 6.3
      vertex -61.9487 37.2168 6.3
      vertex -62 38 6.3
    endloop
  endfacet
  facet normal 0 0 1
    outer loop
      vertex -60.7601 34.3474 6.3
      vertex -62.2638 33.0287 6.3
      vertex -61.7463 32.4387 6.3
    endloop
  endfacet
  facet normal 0 0 1
    outer loop
      vertex 90 69 6.3
      vertex 88 61 6.3
      vertex 88 59 6.3
    endloop
  endfacet
  facet normal 0 0 1
    outer loop
      vertex 90 69 6.3
      vertex 88 59 6.3
      vertex 88 41 6.3
    endloop
  endfacet
  facet normal 0 0 1
    outer loop
      vertex 90 6 6.3
      vertex 87.9615 5.47849 6.3
      vertex 89.9487 5.21684 6.3
    endloop
  endfacet
  facet normal 0 0 1
    outer loop
      vertex 89.9487 5.21684 6.3
      vertex 87.9615 5.47849 6.3
      vertex 89.7955 4.44708 6.3
    endloop
  endfacet
  facet normal -0 0 1
    outer loop
      vertex 87.8596 4.96584 6.3
      vertex 89.7955 4.44708 6.3
      vertex 87.9615 5.47849 6.3
    endloop
  endfacet
  facet normal 0 0 1
    outer loop
      vertex 89.7955 4.44708 6.3
      vertex 87.8596 4.96584 6.3
      vertex 89.5433 3.7039 6.3
    endloop
  endfacet
  facet normal -0 0 1
    outer loop
      vertex 87.6916 4.47092 6.3
      vertex 89.5433 3.7039 6.3
      vertex 87.8596 4.96584 6.3
    endloop
  endfacet
  facet normal 0 0 1
    outer loop
      vertex 89.5433 3.7039 6.3
      vertex 87.6916 4.47092 6.3
      vertex 89.1962 3 6.3
    endloop
  endfacet
  facet normal -0 0 1
    outer loop
      vertex 87.4604 4.00215 6.3
      vertex 89.1962 3 6.3
      vertex 87.6916 4.47092 6.3
    endloop
  endfacet
  facet normal 0 0 1
    outer loop
      vertex 89.1962 3 6.3
      vertex 87.4604 4.00215 6.3
      vertex 88.7601 2.34743 6.3
    endloop
  endfacet
  facet normal -0 0 1
    outer loop
      vertex 87.17 3.56758 6.3
      vertex 88.7601 2.34743 6.3
      vertex 87.4604 4.00215 6.3
    endloop
  endfacet
  facet normal 0 0 1
    outer loop
      vertex 88.7601 2.34743 6.3
      vertex 87.17 3.56758 6.3
      vertex 88.2426 1.75735 6.3
    endloop
  endfacet
  facet normal -0 0 1
    outer loop
      vertex 86.8254 3.17461 6.3
      vertex 88.2426 1.75735 6.3
      vertex 87.17 3.56758 6.3
    endloop
  endfacet
  facet normal 0 0 1
    outer loop
      vertex 88.2426 1.75735 6.3
      vertex 86.8254 3.17461 6.3
      vertex 87.6526 1.23988 6.3
    endloop
  endfacet
  facet normal -0 0 1
    outer loop
      vertex 86.4324 2.82997 6.3
      vertex 87.6526 1.23988 6.3
      vertex 86.8254 3.17461 6.3
    endloop
  endfacet
  facet normal 0 0 1
    outer loop
      vertex 87.6526 1.23988 6.3
      vertex 86.4324 2.82997 6.3
      vertex 87 0.803848 6.3
    endloop
  endfacet
  facet normal -0 0 1
    outer loop
      vertex 85.9978 2.53961 6.3
      vertex 87 0.803848 6.3
      vertex 86.4324 2.82997 6.3
    endloop
  endfacet
  facet normal 0 0 1
    outer loop
      vertex 87 0.803848 6.3
      vertex 85.9978 2.53961 6.3
      vertex 86.2961 0.456726 6.3
    endloop
  endfacet
  facet normal -0 0 1
    outer loop
      vertex 85.5291 2.30844 6.3
      vertex 86.2961 0.456726 6.3
      vertex 85.9978 2.53961 6.3
    endloop
  endfacet
  facet normal 0 0 1
    outer loop
      vertex 86.2961 0.456726 6.3
      vertex 85.5291 2.30844 6.3
      vertex 85.5529 0.204453 6.3
    endloop
  endfacet
  facet normal -0 0 1
    outer loop
      vertex 85.0342 2.14044 6.3
      vertex 85.5529 0.204453 6.3
      vertex 85.5291 2.30844 6.3
    endloop
  endfacet
  facet normal 0 0 1
    outer loop
      vertex 85.0342 2.14044 6.3
      vertex 84.7832 0.0513306 6.3
      vertex 85.5529 0.204453 6.3
    endloop
  endfacet
  facet normal -0 0 1
    outer loop
      vertex 84.5215 2.03847 6.3
      vertex 84.7832 0.0513306 6.3
      vertex 85.0342 2.14044 6.3
    endloop
  endfacet
  facet normal 0 0 1
    outer loop
      vertex 84.5215 2.03847 6.3
      vertex 84 0 6.3
      vertex 84.7832 0.0513306 6.3
    endloop
  endfacet
  facet normal -0 0 1
    outer loop
      vertex 83.9346 2 6.3
      vertex 84 0 6.3
      vertex 84.5215 2.03847 6.3
    endloop
  endfacet
  facet normal -0 0 1
    outer loop
      vertex 71.5 2 6.3
      vertex 84 0 6.3
      vertex 83.9346 2 6.3
    endloop
  endfacet
  facet normal 0 0 1
    outer loop
      vertex 71 59 6.3
      vertex 69 61 6.3
      vertex 69 59 6.3
    endloop
  endfacet
  facet normal 0 0 1
    outer loop
      vertex 71 41 6.3
      vertex 69 41 6.3
      vertex 71 39 6.3
    endloop
  endfacet
  facet normal 0 0 1
    outer loop
      vertex 69 21 6.3
      vertex 71 21 6.3
      vertex 69 39 6.3
    endloop
  endfacet
  facet normal 0 0 1
    outer loop
      vertex 71 21 6.3
      vertex 69 21 6.3
      vertex 71 19 6.3
    endloop
  endfacet
  facet normal 0 0 1
    outer loop
      vertex 69 19 6.3
      vertex 71 19 6.3
      vertex 69 21 6.3
    endloop
  endfacet
  facet normal 0 0 1
    outer loop
      vertex 71 19 6.3
      vertex 69 19 6.3
      vertex 71 10 6.3
    endloop
  endfacet
  facet normal 0 0 1
    outer loop
      vertex 69 10 6.3
      vertex 71 10 6.3
      vertex 69 19 6.3
    endloop
  endfacet
  facet normal 0 0 1
    outer loop
      vertex 71 10 6.3
      vertex 69 10 6.3
      vertex 71.5 2 6.3
    endloop
  endfacet
  facet normal -0 0 1
    outer loop
      vertex 51 10 6.3
      vertex 71.5 2 6.3
      vertex 69 10 6.3
    endloop
  endfacet
  facet normal 0 0 1
    outer loop
      vertex 49 19 6.3
      vertex 51 19 6.3
      vertex 49 21 6.3
    endloop
  endfacet
  facet normal 0 0 1
    outer loop
      vertex 51 19 6.3
      vertex 49 19 6.3
      vertex 51 10 6.3
    endloop
  endfacet
  facet normal 0 0 1
    outer loop
      vertex 49 10 6.3
      vertex 51 10 6.3
      vertex 49 19 6.3
    endloop
  endfacet
  facet normal 0 0 1
    outer loop
      vertex 48.5 2 6.3
      vertex 51 10 6.3
      vertex 49 10 6.3
    endloop
  endfacet
  facet normal 0 0 1
    outer loop
      vertex 48.5 2 6.3
      vertex 49 10 6.3
      vertex 48.5 10 6.3
    endloop
  endfacet
  facet normal 0 0 1
    outer loop
      vertex 51 10 6.3
      vertex 48.5 2 6.3
      vertex 71.5 2 6.3
    endloop
  endfacet
  facet normal -0 0 1
    outer loop
      vertex 48.5 2 6.3
      vertex 84 0 6.3
      vertex 71.5 2 6.3
    endloop
  endfacet
  facet normal -0 0 1
    outer loop
      vertex 31 2 6.3
      vertex 84 0 6.3
      vertex 48.5 2 6.3
    endloop
  endfacet
  facet normal 0 0 1
    outer loop
      vertex 31 19 6.3
      vertex 29 21 6.3
      vertex 29 19 6.3
    endloop
  endfacet
  facet normal 0 0 1
    outer loop
      vertex 31 19 6.3
      vertex 29 19 6.3
      vertex 31 2 6.3
    endloop
  endfacet
  facet normal 0 0 1
    outer loop
      vertex 29 2 6.3
      vertex 31 2 6.3
      vertex 29 19 6.3
    endloop
  endfacet
  facet normal -0 0 1
    outer loop
      vertex 29 2 6.3
      vertex 84 0 6.3
      vertex 31 2 6.3
    endloop
  endfacet
  facet normal -0 0 1
    outer loop
      vertex 11 2 6.3
      vertex 84 0 6.3
      vertex 29 2 6.3
    endloop
  endfacet
  facet normal 0 0 1
    outer loop
      vertex 11 19 6.3
      vertex 9 21 6.3
      vertex 9 19 6.3
    endloop
  endfacet
  facet normal 0 0 1
    outer loop
      vertex 11 19 6.3
      vertex 9 19 6.3
      vertex 11 2 6.3
    endloop
  endfacet
  facet normal 0 0 1
    outer loop
      vertex 9 2 6.3
      vertex 11 2 6.3
      vertex 9 19 6.3
    endloop
  endfacet
  facet normal -0 0 1
    outer loop
      vertex 9 2 6.3
      vertex 84 0 6.3
      vertex 11 2 6.3
    endloop
  endfacet
  facet normal -0 0 1
    outer loop
      vertex -9 2 6.3
      vertex 84 0 6.3
      vertex 9 2 6.3
    endloop
  endfacet
  facet normal 0 0 1
    outer loop
      vertex -9 19 6.3
      vertex -11 21 6.3
      vertex -11 19 6.3
    endloop
  endfacet
  facet normal 0 0 1
    outer loop
      vertex -9 19 6.3
      vertex -11 19 6.3
      vertex -9 2 6.3
    endloop
  endfacet
  facet normal 0 0 1
    outer loop
      vertex -11 2 6.3
      vertex -9 2 6.3
      vertex -11 19 6.3
    endloop
  endfacet
  facet normal -0 0 1
    outer loop
      vertex -11 2 6.3
      vertex 84 0 6.3
      vertex -9 2 6.3
    endloop
  endfacet
  facet normal 0 0 1
    outer loop
      vertex -84 0 6.3
      vertex -11 2 6.3
      vertex -29 2 6.3
    endloop
  endfacet
  facet normal 0 0 1
    outer loop
      vertex -29 19 6.3
      vertex -31 21 6.3
      vertex -31 19 6.3
    endloop
  endfacet
  facet normal 0 0 1
    outer loop
      vertex -29 19 6.3
      vertex -31 19 6.3
      vertex -29 2 6.3
    endloop
  endfacet
  facet normal 0 0 1
    outer loop
      vertex -31 2 6.3
      vertex -29 2 6.3
      vertex -31 19 6.3
    endloop
  endfacet
  facet normal 0 0 1
    outer loop
      vertex -84 0 6.3
      vertex -29 2 6.3
      vertex -31 2 6.3
    endloop
  endfacet
  facet normal 0 0 1
    outer loop
      vertex -84 0 6.3
      vertex -31 2 6.3
      vertex -48.5 2 6.3
    endloop
  endfacet
  facet normal 0 0 1
    outer loop
      vertex -51 19 6.3
      vertex -49 19 6.3
      vertex -51 21 6.3
    endloop
  endfacet
  facet normal 0 0 1
    outer loop
      vertex -49 19 6.3
      vertex -51 19 6.3
      vertex -49 10 6.3
    endloop
  endfacet
  facet normal 0 0 1
    outer loop
      vertex -51 10 6.3
      vertex -49 10 6.3
      vertex -51 19 6.3
    endloop
  endfacet
  facet normal 0 0 1
    outer loop
      vertex -49 10 6.3
      vertex -51 10 6.3
      vertex -48.5 2 6.3
    endloop
  endfacet
  facet normal -0 0 1
    outer loop
      vertex -69 10 6.3
      vertex -48.5 2 6.3
      vertex -51 10 6.3
    endloop
  endfacet
  facet normal 0 0 1
    outer loop
      vertex -69 59 6.3
      vertex -71 61 6.3
      vertex -71 59 6.3
    endloop
  endfacet
  facet normal 0 0 1
    outer loop
      vertex -69 41 6.3
      vertex -71 41 6.3
      vertex -69 39 6.3
    endloop
  endfacet
  facet normal 0 0 1
    outer loop
      vertex -71 21 6.3
      vertex -69 21 6.3
      vertex -71 39 6.3
    endloop
  endfacet
  facet normal 0 0 1
    outer loop
      vertex -69 21 6.3
      vertex -71 21 6.3
      vertex -69 19 6.3
    endloop
  endfacet
  facet normal 0 0 1
    outer loop
      vertex -71 19 6.3
      vertex -69 19 6.3
      vertex -71 21 6.3
    endloop
  endfacet
  facet normal 0 0 1
    outer loop
      vertex -69 19 6.3
      vertex -71 19 6.3
      vertex -69 10 6.3
    endloop
  endfacet
  facet normal 0 0 1
    outer loop
      vertex -71 10 6.3
      vertex -69 10 6.3
      vertex -71 19 6.3
    endloop
  endfacet
  facet normal 0 0 1
    outer loop
      vertex -71.5 2 6.3
      vertex -69 10 6.3
      vertex -71 10 6.3
    endloop
  endfacet
  facet normal 0 0 1
    outer loop
      vertex -71.5 2 6.3
      vertex -71 10 6.3
      vertex -71.5 10 6.3
    endloop
  endfacet
  facet normal 0 0 1
    outer loop
      vertex -69 10 6.3
      vertex -71.5 2 6.3
      vertex -48.5 2 6.3
    endloop
  endfacet
  facet normal 0 0 1
    outer loop
      vertex -84 0 6.3
      vertex -48.5 2 6.3
      vertex -71.5 2 6.3
    endloop
  endfacet
  facet normal 0 0 1
    outer loop
      vertex -84 0 6.3
      vertex -71.5 2 6.3
      vertex -83.9346 2 6.3
    endloop
  endfacet
  facet normal 0 0 1
    outer loop
      vertex -11 2 6.3
      vertex -84 0 6.3
      vertex 84 0 6.3
    endloop
  endfacet
  facet normal 0 0 1
    outer loop
      vertex -84.5215 2.03847 6.3
      vertex -84 0 6.3
      vertex -83.9346 2 6.3
    endloop
  endfacet
  facet normal 0 0 1
    outer loop
      vertex -84.5215 2.03847 6.3
      vertex -84.7832 0.0513306 6.3
      vertex -84 0 6.3
    endloop
  endfacet
  facet normal 0 0 1
    outer loop
      vertex -85.0342 2.14044 6.3
      vertex -84.7832 0.0513306 6.3
      vertex -84.5215 2.03847 6.3
    endloop
  endfacet
  facet normal 0 0 1
    outer loop
      vertex -85.5529 0.204453 6.3
      vertex -85.0342 2.14044 6.3
      vertex -85.5291 2.30844 6.3
    endloop
  endfacet
  facet normal 0 0 1
    outer loop
      vertex -85.0342 2.14044 6.3
      vertex -85.5529 0.204453 6.3
      vertex -84.7832 0.0513306 6.3
    endloop
  endfacet
  facet normal 0 0 1
    outer loop
      vertex -86.2961 0.456726 6.3
      vertex -85.5291 2.30844 6.3
      vertex -85.9978 2.53961 6.3
    endloop
  endfacet
  facet normal 0 0 1
    outer loop
      vertex -85.5291 2.30844 6.3
      vertex -86.2961 0.456726 6.3
      vertex -85.5529 0.204453 6.3
    endloop
  endfacet
  facet normal 0 0 1
    outer loop
      vertex -87 0.803848 6.3
      vertex -85.9978 2.53961 6.3
      vertex -86.4324 2.82997 6.3
    endloop
  endfacet
  facet normal 0 0 1
    outer loop
      vertex -87.6526 1.23988 6.3
      vertex -86.4324 2.82997 6.3
      vertex -86.8254 3.17461 6.3
    endloop
  endfacet
  facet normal 0 0 1
    outer loop
      vertex -85.9978 2.53961 6.3
      vertex -87 0.803848 6.3
      vertex -86.2961 0.456726 6.3
    endloop
  endfacet
  facet normal 0 0 1
    outer loop
      vertex -88.2426 1.75735 6.3
      vertex -86.8254 3.17461 6.3
      vertex -87.17 3.56758 6.3
    endloop
  endfacet
  facet normal 0 0 1
    outer loop
      vertex -88.7601 2.34743 6.3
      vertex -87.17 3.56758 6.3
      vertex -87.4604 4.00215 6.3
    endloop
  endfacet
  facet normal 0 0 1
    outer loop
      vertex -86.4324 2.82997 6.3
      vertex -87.6526 1.23988 6.3
      vertex -87 0.803848 6.3
    endloop
  endfacet
  facet normal 0 0 1
    outer loop
      vertex -89.1962 3 6.3
      vertex -87.4604 4.00215 6.3
      vertex -87.6916 4.47092 6.3
    endloop
  endfacet
  facet normal 0 0 1
    outer loop
      vertex -89.5433 3.7039 6.3
      vertex -87.6916 4.47092 6.3
      vertex -87.8596 4.96584 6.3
    endloop
  endfacet
  facet normal 0 0 1
    outer loop
      vertex -89.7955 4.44708 6.3
      vertex -87.8596 4.96584 6.3
      vertex -87.9615 5.47849 6.3
    endloop
  endfacet
  facet normal 0 0 1
    outer loop
      vertex -86.8254 3.17461 6.3
      vertex -88.2426 1.75735 6.3
      vertex -87.6526 1.23988 6.3
    endloop
  endfacet
  facet normal -0 0 1
    outer loop
      vertex -90 6 6.3
      vertex -87.9615 5.47849 6.3
      vertex -88 6.06538 6.3
    endloop
  endfacet
  facet normal 0 0 1
    outer loop
      vertex -88 21 6.3
      vertex -90 6 6.3
      vertex -88 19 6.3
    endloop
  endfacet
  facet normal -0 0 1
    outer loop
      vertex -89.7955 70.5529 6.3
      vertex -87.8596 70.0342 6.3
      vertex -89.5433 71.2961 6.3
    endloop
  endfacet
  facet normal 0 0 1
    outer loop
      vertex -88 19 6.3
      vertex -90 6 6.3
      vertex -88 6.06538 6.3
    endloop
  endfacet
  facet normal 0 0 1
    outer loop
      vertex -87.8596 70.0342 6.3
      vertex -89.7955 70.5529 6.3
      vertex -87.9615 69.5215 6.3
    endloop
  endfacet
  facet normal 0 0 1
    outer loop
      vertex -87.9615 5.47849 6.3
      vertex -90 6 6.3
      vertex -89.9487 5.21684 6.3
    endloop
  endfacet
  facet normal -0 0 1
    outer loop
      vertex -89.9487 69.7832 6.3
      vertex -87.9615 69.5215 6.3
      vertex -89.7955 70.5529 6.3
    endloop
  endfacet
  facet normal 0 0 1
    outer loop
      vertex -87.17 3.56758 6.3
      vertex -88.7601 2.34743 6.3
      vertex -88.2426 1.75735 6.3
    endloop
  endfacet
  facet normal 0 0 1
    outer loop
      vertex -90 69 6.3
      vertex -87.9615 69.5215 6.3
      vertex -89.9487 69.7832 6.3
    endloop
  endfacet
  facet normal 0 0 1
    outer loop
      vertex -87.4604 4.00215 6.3
      vertex -89.1962 3 6.3
      vertex -88.7601 2.34743 6.3
    endloop
  endfacet
  facet normal 0 0 1
    outer loop
      vertex -87.9615 69.5215 6.3
      vertex -90 69 6.3
      vertex -88 68.9346 6.3
    endloop
  endfacet
  facet normal 0 0 1
    outer loop
      vertex -87.6916 4.47092 6.3
      vertex -89.5433 3.7039 6.3
      vertex -89.1962 3 6.3
    endloop
  endfacet
  facet normal 0 0 1
    outer loop
      vertex -87.8596 4.96584 6.3
      vertex -89.7955 4.44708 6.3
      vertex -89.5433 3.7039 6.3
    endloop
  endfacet
  facet normal 0 0 1
    outer loop
      vertex -87.9615 5.47849 6.3
      vertex -89.9487 5.21684 6.3
      vertex -89.7955 4.44708 6.3
    endloop
  endfacet
  facet normal 0 0 -1
    outer loop
      vertex 84 0 0
      vertex 90 6 0
      vertex 89.9487 5.21684 0
    endloop
  endfacet
  facet normal 0 0 -1
    outer loop
      vertex 90 6 0
      vertex 62 38 0
      vertex 90 69 0
    endloop
  endfacet
  facet normal 0 0 -1
    outer loop
      vertex 84 0 0
      vertex 89.9487 5.21684 0
      vertex 89.7955 4.44708 0
    endloop
  endfacet
  facet normal 0 0 -1
    outer loop
      vertex 62 75 0
      vertex 90 69 0
      vertex 62 38 0
    endloop
  endfacet
  facet normal 0 0 -1
    outer loop
      vertex 84 0 0
      vertex 89.7955 4.44708 0
      vertex 89.5433 3.7039 0
    endloop
  endfacet
  facet normal 0 0 -1
    outer loop
      vertex 90 69 0
      vertex 84 75 0
      vertex 89.9487 69.7832 0
    endloop
  endfacet
  facet normal 0 0 -1
    outer loop
      vertex 84 0 0
      vertex 89.5433 3.7039 0
      vertex 89.1962 3 0
    endloop
  endfacet
  facet normal 0 0 -1
    outer loop
      vertex 89.9487 69.7832 0
      vertex 84 75 0
      vertex 89.7955 70.5529 0
    endloop
  endfacet
  facet normal 0 0 -1
    outer loop
      vertex 84 0 0
      vertex 89.1962 3 0
      vertex 88.7601 2.34743 0
    endloop
  endfacet
  facet normal 0 0 -1
    outer loop
      vertex 89.7955 70.5529 0
      vertex 84 75 0
      vertex 89.5433 71.2961 0
    endloop
  endfacet
  facet normal 0 0 -1
    outer loop
      vertex 84 0 0
      vertex 88.7601 2.34743 0
      vertex 88.2426 1.75735 0
    endloop
  endfacet
  facet normal 0 0 -1
    outer loop
      vertex 89.5433 71.2961 0
      vertex 84 75 0
      vertex 89.1962 72 0
    endloop
  endfacet
  facet normal 0 0 -1
    outer loop
      vertex 84 0 0
      vertex 88.2426 1.75735 0
      vertex 87.6526 1.23988 0
    endloop
  endfacet
  facet normal 0 0 -1
    outer loop
      vertex 89.1962 72 0
      vertex 84 75 0
      vertex 88.7601 72.6526 0
    endloop
  endfacet
  facet normal 0 0 -1
    outer loop
      vertex 84 0 0
      vertex 87.6526 1.23988 0
      vertex 87 0.803848 0
    endloop
  endfacet
  facet normal 0 0 -1
    outer loop
      vertex 88.7601 72.6526 0
      vertex 84 75 0
      vertex 88.2426 73.2426 0
    endloop
  endfacet
  facet normal 0 0 -1
    outer loop
      vertex 84 0 0
      vertex 87 0.803848 0
      vertex 86.2961 0.456726 0
    endloop
  endfacet
  facet normal 0 0 -1
    outer loop
      vertex 88.2426 73.2426 0
      vertex 84 75 0
      vertex 87.6526 73.7601 0
    endloop
  endfacet
  facet normal 0 0 -1
    outer loop
      vertex 84 0 0
      vertex 86.2961 0.456726 0
      vertex 85.5529 0.204453 0
    endloop
  endfacet
  facet normal 0 0 -1
    outer loop
      vertex 87.6526 73.7601 0
      vertex 84 75 0
      vertex 87 74.1962 0
    endloop
  endfacet
  facet normal 0 0 -1
    outer loop
      vertex 84 0 0
      vertex 85.5529 0.204453 0
      vertex 84.7832 0.0513306 0
    endloop
  endfacet
  facet normal 0 0 -1
    outer loop
      vertex 87 74.1962 0
      vertex 84 75 0
      vertex 86.2961 74.5433 0
    endloop
  endfacet
  facet normal 0 0 -1
    outer loop
      vertex 59.6526 33.2399 0
      vertex 90 6 0
      vertex 84 0 0
    endloop
  endfacet
  facet normal 0 0 -1
    outer loop
      vertex 86.2961 74.5433 0
      vertex 84 75 0
      vertex 85.5529 74.7955 0
    endloop
  endfacet
  facet normal 0 0 -1
    outer loop
      vertex 85.5529 74.7955 0
      vertex 84 75 0
      vertex 84.7832 74.9487 0
    endloop
  endfacet
  facet normal 0 0 -1
    outer loop
      vertex 90 6 0
      vertex 61.9487 37.2168 0
      vertex 62 38 0
    endloop
  endfacet
  facet normal 0 0 -1
    outer loop
      vertex 90 6 0
      vertex 61.7955 36.4471 0
      vertex 61.9487 37.2168 0
    endloop
  endfacet
  facet normal 0 0 -1
    outer loop
      vertex 90 6 0
      vertex 61.5433 35.7039 0
      vertex 61.7955 36.4471 0
    endloop
  endfacet
  facet normal 0 0 -1
    outer loop
      vertex 90 6 0
      vertex 61.1962 35 0
      vertex 61.5433 35.7039 0
    endloop
  endfacet
  facet normal 0 0 -1
    outer loop
      vertex 90 6 0
      vertex 60.7601 34.3474 0
      vertex 61.1962 35 0
    endloop
  endfacet
  facet normal 0 0 -1
    outer loop
      vertex 90 6 0
      vertex 60.2426 33.7574 0
      vertex 60.7601 34.3474 0
    endloop
  endfacet
  facet normal 0 0 -1
    outer loop
      vertex 90 6 0
      vertex 59.6526 33.2399 0
      vertex 60.2426 33.7574 0
    endloop
  endfacet
  facet normal 0 0 -1
    outer loop
      vertex 84 0 0
      vertex 59 32.8038 0
      vertex 59.6526 33.2399 0
    endloop
  endfacet
  facet normal 0 0 -1
    outer loop
      vertex 84 0 0
      vertex 58.2961 32.4567 0
      vertex 59 32.8038 0
    endloop
  endfacet
  facet normal 0 0 -1
    outer loop
      vertex 84 0 0
      vertex 57.5529 32.2045 0
      vertex 58.2961 32.4567 0
    endloop
  endfacet
  facet normal 0 0 -1
    outer loop
      vertex 84 0 0
      vertex 56.7832 32.0513 0
      vertex 57.5529 32.2045 0
    endloop
  endfacet
  facet normal 0 0 -1
    outer loop
      vertex 84 0 0
      vertex 56 32 0
      vertex 56.7832 32.0513 0
    endloop
  endfacet
  facet normal 0 0 -1
    outer loop
      vertex 84 0 0
      vertex -56 32 0
      vertex 56 32 0
    endloop
  endfacet
  facet normal 0 0 -1
    outer loop
      vertex -84 0 0
      vertex -56 32 0
      vertex 84 0 0
    endloop
  endfacet
  facet normal -0 0 -1
    outer loop
      vertex -56 32 0
      vertex -84 0 0
      vertex -56.7832 32.0513 0
    endloop
  endfacet
  facet normal -0 0 -1
    outer loop
      vertex -56.7832 32.0513 0
      vertex -84 0 0
      vertex -57.5529 32.2045 0
    endloop
  endfacet
  facet normal 0 0 -1
    outer loop
      vertex -84 0 0
      vertex -58.2961 32.4567 0
      vertex -57.5529 32.2045 0
    endloop
  endfacet
  facet normal 0 0 -1
    outer loop
      vertex -84 0 0
      vertex -59 32.8038 0
      vertex -58.2961 32.4567 0
    endloop
  endfacet
  facet normal 0 0 -1
    outer loop
      vertex -84 0 0
      vertex -59.6526 33.2399 0
      vertex -59 32.8038 0
    endloop
  endfacet
  facet normal 0 0 -1
    outer loop
      vertex -90 6 0
      vertex -59.6526 33.2399 0
      vertex -84 0 0
    endloop
  endfacet
  facet normal -0 0 -1
    outer loop
      vertex -59.6526 33.2399 0
      vertex -90 6 0
      vertex -60.2426 33.7574 0
    endloop
  endfacet
  facet normal -0 0 -1
    outer loop
      vertex -60.2426 33.7574 0
      vertex -90 6 0
      vertex -60.7601 34.3474 0
    endloop
  endfacet
  facet normal -0 0 -1
    outer loop
      vertex -60.7601 34.3474 0
      vertex -90 6 0
      vertex -61.1962 35 0
    endloop
  endfacet
  facet normal -0 0 -1
    outer loop
      vertex -61.1962 35 0
      vertex -90 6 0
      vertex -61.5433 35.7039 0
    endloop
  endfacet
  facet normal -0 0 -1
    outer loop
      vertex -61.5433 35.7039 0
      vertex -90 6 0
      vertex -61.7955 36.4471 0
    endloop
  endfacet
  facet normal -0 0 -1
    outer loop
      vertex -61.7955 36.4471 0
      vertex -90 6 0
      vertex -61.9487 37.2168 0
    endloop
  endfacet
  facet normal -0 0 -1
    outer loop
      vertex -61.9487 37.2168 0
      vertex -90 6 0
      vertex -62 38 0
    endloop
  endfacet
  facet normal 0 0 -1
    outer loop
      vertex -90 69 0
      vertex -62 38 0
      vertex -90 6 0
    endloop
  endfacet
  facet normal 0 0 -1
    outer loop
      vertex -90 6 0
      vertex -84 0 0
      vertex -84.7832 0.0513306 0
    endloop
  endfacet
  facet normal 0 0 -1
    outer loop
      vertex -62 38 0
      vertex -90 69 0
      vertex -62 75 0
    endloop
  endfacet
  facet normal 0 0 -1
    outer loop
      vertex -90 6 0
      vertex -84.7832 0.0513306 0
      vertex -85.5529 0.204453 0
    endloop
  endfacet
  facet normal -0 0 -1
    outer loop
      vertex -62 75 0
      vertex -90 69 0
      vertex -84 75 0
    endloop
  endfacet
  facet normal 0 0 -1
    outer loop
      vertex -90 6 0
      vertex -85.5529 0.204453 0
      vertex -86.2961 0.456726 0
    endloop
  endfacet
  facet normal 0 0 -1
    outer loop
      vertex -84 75 0
      vertex -90 69 0
      vertex -84.7832 74.9487 0
    endloop
  endfacet
  facet normal 0 0 -1
    outer loop
      vertex -90 6 0
      vertex -86.2961 0.456726 0
      vertex -87 0.803848 0
    endloop
  endfacet
  facet normal 0 0 -1
    outer loop
      vertex -84.7832 74.9487 0
      vertex -90 69 0
      vertex -85.5529 74.7955 0
    endloop
  endfacet
  facet normal 0 0 -1
    outer loop
      vertex -90 6 0
      vertex -87 0.803848 0
      vertex -87.6526 1.23988 0
    endloop
  endfacet
  facet normal 0 0 -1
    outer loop
      vertex -85.5529 74.7955 0
      vertex -90 69 0
      vertex -86.2961 74.5433 0
    endloop
  endfacet
  facet normal 0 0 -1
    outer loop
      vertex -90 6 0
      vertex -87.6526 1.23988 0
      vertex -88.2426 1.75735 0
    endloop
  endfacet
  facet normal 0 0 -1
    outer loop
      vertex -86.2961 74.5433 0
      vertex -90 69 0
      vertex -87 74.1962 0
    endloop
  endfacet
  facet normal 0 0 -1
    outer loop
      vertex -90 6 0
      vertex -88.2426 1.75735 0
      vertex -88.7601 2.34743 0
    endloop
  endfacet
  facet normal 0 0 -1
    outer loop
      vertex -87 74.1962 0
      vertex -90 69 0
      vertex -87.6526 73.7601 0
    endloop
  endfacet
  facet normal 0 0 -1
    outer loop
      vertex -90 6 0
      vertex -88.7601 2.34743 0
      vertex -89.1962 3 0
    endloop
  endfacet
  facet normal 0 0 -1
    outer loop
      vertex -87.6526 73.7601 0
      vertex -90 69 0
      vertex -88.2426 73.2426 0
    endloop
  endfacet
  facet normal 0 0 -1
    outer loop
      vertex -90 6 0
      vertex -89.1962 3 0
      vertex -89.5433 3.7039 0
    endloop
  endfacet
  facet normal 0 0 -1
    outer loop
      vertex -88.2426 73.2426 0
      vertex -90 69 0
      vertex -88.7601 72.6526 0
    endloop
  endfacet
  facet normal 0 0 -1
    outer loop
      vertex -90 6 0
      vertex -89.5433 3.7039 0
      vertex -89.7955 4.44708 0
    endloop
  endfacet
  facet normal 0 0 -1
    outer loop
      vertex -88.7601 72.6526 0
      vertex -90 69 0
      vertex -89.1962 72 0
    endloop
  endfacet
  facet normal 0 0 -1
    outer loop
      vertex -90 6 0
      vertex -89.7955 4.44708 0
      vertex -89.9487 5.21684 0
    endloop
  endfacet
  facet normal 0 0 -1
    outer loop
      vertex -89.1962 72 0
      vertex -90 69 0
      vertex -89.5433 71.2961 0
    endloop
  endfacet
  facet normal 0 0 -1
    outer loop
      vertex -89.5433 71.2961 0
      vertex -90 69 0
      vertex -89.7955 70.5529 0
    endloop
  endfacet
  facet normal 0 0 -1
    outer loop
      vertex -89.7955 70.5529 0
      vertex -90 69 0
      vertex -89.9487 69.7832 0
    endloop
  endfacet
  facet normal 0 0 -1
    outer loop
      vertex 90 69 0
      vertex 62 75 0
      vertex 84 75 0
    endloop
  endfacet
  facet normal 1 -0 0
    outer loop
      vertex -69 61 6.3
      vertex -69 73 2.4
      vertex -69 73 6.3
    endloop
  endfacet
  facet normal 1 0 0
    outer loop
      vertex -69 73 2.4
      vertex -69 61 6.3
      vertex -69 61 2.4
    endloop
  endfacet
  facet normal 1 -0 0
    outer loop
      vertex -69 41 6.3
      vertex -69 59 2.4
      vertex -69 59 6.3
    endloop
  endfacet
  facet normal 1 0 0
    outer loop
      vertex -69 59 2.4
      vertex -69 41 6.3
      vertex -69 41 2.4
    endloop
  endfacet
  facet normal 1 -0 0
    outer loop
      vertex -69 21 6.3
      vertex -69 39 2.4
      vertex -69 39 6.3
    endloop
  endfacet
  facet normal 1 0 0
    outer loop
      vertex -69 39 2.4
      vertex -69 21 6.3
      vertex -69 21 2.4
    endloop
  endfacet
  facet normal 1 -0 0
    outer loop
      vertex -69 10 6.3
      vertex -69 19 2.4
      vertex -69 19 6.3
    endloop
  endfacet
  facet normal 1 0 0
    outer loop
      vertex -69 19 2.4
      vertex -69 10 6.3
      vertex -69 10 2.4
    endloop
  endfacet
  facet normal -1 0 0
    outer loop
      vertex -71 61 2.4
      vertex -71 73 6.3
      vertex -71 73 2.4
    endloop
  endfacet
  facet normal -1 -0 0
    outer loop
      vertex -71 73 6.3
      vertex -71 61 2.4
      vertex -71 61 6.3
    endloop
  endfacet
  facet normal -1 0 0
    outer loop
      vertex -71 41 2.4
      vertex -71 59 6.3
      vertex -71 59 2.4
    endloop
  endfacet
  facet normal -1 -0 0
    outer loop
      vertex -71 59 6.3
      vertex -71 41 2.4
      vertex -71 41 6.3
    endloop
  endfacet
  facet normal -1 0 0
    outer loop
      vertex -71 21 2.4
      vertex -71 39 6.3
      vertex -71 39 2.4
    endloop
  endfacet
  facet normal -1 -0 0
    outer loop
      vertex -71 39 6.3
      vertex -71 21 2.4
      vertex -71 21 6.3
    endloop
  endfacet
  facet normal -1 0 0
    outer loop
      vertex -71 10 2.4
      vertex -71 19 6.3
      vertex -71 19 2.4
    endloop
  endfacet
  facet normal -1 -0 0
    outer loop
      vertex -71 19 6.3
      vertex -71 10 2.4
      vertex -71 10 6.3
    endloop
  endfacet
  facet normal 0 1 -0
    outer loop
      vertex -62 75 0
      vertex -84 75 6.3
      vertex -62 75 6.3
    endloop
  endfacet
  facet normal 0 1 0
    outer loop
      vertex -84 75 6.3
      vertex -62 75 0
      vertex -84 75 0
    endloop
  endfacet
  facet normal 0 -1 0
    outer loop
      vertex -50.65 0 0.15
      vertex 50.65 0 6.15
      vertex -50.65 0 6.15
    endloop
  endfacet
  facet normal 0 -1 -0
    outer loop
      vertex 50.65 0 6.15
      vertex -50.65 0 0.15
      vertex 50.65 0 0.15
    endloop
  endfacet
  facet normal 0 -1 0
    outer loop
      vertex -84 0 6.3
      vertex -69.35 0 6.15
      vertex 84 0 6.3
    endloop
  endfacet
  facet normal 0 -1 0
    outer loop
      vertex -84 0 6.3
      vertex -69.35 0 0.15
      vertex -69.35 0 6.15
    endloop
  endfacet
  facet normal 0 0 0
    outer loop
      vertex -69.35 0 0.15
      vertex 50.65 0 0.15
      vertex -50.65 0 0.15
    endloop
  endfacet
  facet normal 0 0 0
    outer loop
      vertex -69.35 0 0.15
      vertex 69.35 0 0.15
      vertex 50.65 0 0.15
    endloop
  endfacet
  facet normal 0 -1 -0
    outer loop
      vertex -69.35 0 0.15
      vertex -84 0 0
      vertex 69.35 0 0.15
    endloop
  endfacet
  facet normal 0 -1 0
    outer loop
      vertex -84 0 0
      vertex -69.35 0 0.15
      vertex -84 0 6.3
    endloop
  endfacet
  facet normal 0 -1 0
    outer loop
      vertex -50.65 0 6.15
      vertex 84 0 6.3
      vertex -69.35 0 6.15
    endloop
  endfacet
  facet normal 0 -1 0
    outer loop
      vertex 50.65 0 6.15
      vertex 84 0 6.3
      vertex -50.65 0 6.15
    endloop
  endfacet
  facet normal 0 -1 0
    outer loop
      vertex 69.35 0 6.15
      vertex 84 0 6.3
      vertex 50.65 0 6.15
    endloop
  endfacet
  facet normal 0 -1 0
    outer loop
      vertex 69.35 0 0.15
      vertex 84 0 6.3
      vertex 69.35 0 6.15
    endloop
  endfacet
  facet normal 0 -1 0
    outer loop
      vertex 69.35 0 0.15
      vertex 84 0 0
      vertex 84 0 6.3
    endloop
  endfacet
  facet normal 0 -1 0
    outer loop
      vertex 84 0 0
      vertex 69.35 0 0.15
      vertex -84 0 0
    endloop
  endfacet
  facet normal 1 -0 0
    outer loop
      vertex -49 21 6.3
      vertex -49 30 2.4
      vertex -49 30 6.3
    endloop
  endfacet
  facet normal 1 0 0
    outer loop
      vertex -49 30 2.4
      vertex -49 21 6.3
      vertex -49 21 2.4
    endloop
  endfacet
  facet normal 1 -0 0
    outer loop
      vertex -49 10 6.3
      vertex -49 19 2.4
      vertex -49 19 6.3
    endloop
  endfacet
  facet normal 1 0 0
    outer loop
      vertex -49 19 2.4
      vertex -49 10 6.3
      vertex -49 10 2.4
    endloop
  endfacet
  facet normal -1 0 0
    outer loop
      vertex -51 21 2.4
      vertex -51 30 6.3
      vertex -51 30 2.4
    endloop
  endfacet
  facet normal -1 -0 0
    outer loop
      vertex -51 30 6.3
      vertex -51 21 2.4
      vertex -51 21 6.3
    endloop
  endfacet
  facet normal -1 0 0
    outer loop
      vertex -51 10 2.4
      vertex -51 19 6.3
      vertex -51 19 2.4
    endloop
  endfacet
  facet normal -1 -0 0
    outer loop
      vertex -51 19 6.3
      vertex -51 10 2.4
      vertex -51 10 6.3
    endloop
  endfacet
  facet normal 1 -0 0
    outer loop
      vertex -29 21 6.3
      vertex -29 30 2.4
      vertex -29 30 6.3
    endloop
  endfacet
  facet normal 1 0 0
    outer loop
      vertex -29 30 2.4
      vertex -29 21 6.3
      vertex -29 21 2.4
    endloop
  endfacet
  facet normal 1 -0 0
    outer loop
      vertex -29 2 6.3
      vertex -29 19 2.4
      vertex -29 19 6.3
    endloop
  endfacet
  facet normal 1 0 0
    outer loop
      vertex -29 19 2.4
      vertex -29 2 6.3
      vertex -29 2 2.4
    endloop
  endfacet
  facet normal -1 0 0
    outer loop
      vertex -31 21 2.4
      vertex -31 30 6.3
      vertex -31 30 2.4
    endloop
  endfacet
  facet normal -1 -0 0
    outer loop
      vertex -31 30 6.3
      vertex -31 21 2.4
      vertex -31 21 6.3
    endloop
  endfacet
  facet normal -1 0 0
    outer loop
      vertex -31 2 2.4
      vertex -31 19 6.3
      vertex -31 19 2.4
    endloop
  endfacet
  facet normal -1 -0 0
    outer loop
      vertex -31 19 6.3
      vertex -31 2 2.4
      vertex -31 2 6.3
    endloop
  endfacet
  facet normal 1 -0 0
    outer loop
      vertex -9 21 6.3
      vertex -9 30 2.4
      vertex -9 30 6.3
    endloop
  endfacet
  facet normal 1 0 0
    outer loop
      vertex -9 30 2.4
      vertex -9 21 6.3
      vertex -9 21 2.4
    endloop
  endfacet
  facet normal 1 -0 0
    outer loop
      vertex -9 2 6.3
      vertex -9 19 2.4
      vertex -9 19 6.3
    endloop
  endfacet
  facet normal 1 0 0
    outer loop
      vertex -9 19 2.4
      vertex -9 2 6.3
      vertex -9 2 2.4
    endloop
  endfacet
  facet normal -1 0 0
    outer loop
      vertex -11 21 2.4
      vertex -11 30 6.3
      vertex -11 30 2.4
    endloop
  endfacet
  facet normal -1 -0 0
    outer loop
      vertex -11 30 6.3
      vertex -11 21 2.4
      vertex -11 21 6.3
    endloop
  endfacet
  facet normal -1 0 0
    outer loop
      vertex -11 2 2.4
      vertex -11 19 6.3
      vertex -11 19 2.4
    endloop
  endfacet
  facet normal -1 -0 0
    outer loop
      vertex -11 19 6.3
      vertex -11 2 2.4
      vertex -11 2 6.3
    endloop
  endfacet
  facet normal 1 -0 0
    outer loop
      vertex 11 21 6.3
      vertex 11 30 2.4
      vertex 11 30 6.3
    endloop
  endfacet
  facet normal 1 0 0
    outer loop
      vertex 11 30 2.4
      vertex 11 21 6.3
      vertex 11 21 2.4
    endloop
  endfacet
  facet normal 1 -0 0
    outer loop
      vertex 11 2 6.3
      vertex 11 19 2.4
      vertex 11 19 6.3
    endloop
  endfacet
  facet normal 1 0 0
    outer loop
      vertex 11 19 2.4
      vertex 11 2 6.3
      vertex 11 2 2.4
    endloop
  endfacet
  facet normal -1 0 0
    outer loop
      vertex 9 21 2.4
      vertex 9 30 6.3
      vertex 9 30 2.4
    endloop
  endfacet
  facet normal -1 -0 0
    outer loop
      vertex 9 30 6.3
      vertex 9 21 2.4
      vertex 9 21 6.3
    endloop
  endfacet
  facet normal -1 0 0
    outer loop
      vertex 9 2 2.4
      vertex 9 19 6.3
      vertex 9 19 2.4
    endloop
  endfacet
  facet normal -1 -0 0
    outer loop
      vertex 9 19 6.3
      vertex 9 2 2.4
      vertex 9 2 6.3
    endloop
  endfacet
  facet normal 1 -0 0
    outer loop
      vertex 31 21 6.3
      vertex 31 30 2.4
      vertex 31 30 6.3
    endloop
  endfacet
  facet normal 1 0 0
    outer loop
      vertex 31 30 2.4
      vertex 31 21 6.3
      vertex 31 21 2.4
    endloop
  endfacet
  facet normal 1 -0 0
    outer loop
      vertex 31 2 6.3
      vertex 31 19 2.4
      vertex 31 19 6.3
    endloop
  endfacet
  facet normal 1 0 0
    outer loop
      vertex 31 19 2.4
      vertex 31 2 6.3
      vertex 31 2 2.4
    endloop
  endfacet
  facet normal -1 0 0
    outer loop
      vertex 29 21 2.4
      vertex 29 30 6.3
      vertex 29 30 2.4
    endloop
  endfacet
  facet normal -1 -0 0
    outer loop
      vertex 29 30 6.3
      vertex 29 21 2.4
      vertex 29 21 6.3
    endloop
  endfacet
  facet normal -1 0 0
    outer loop
      vertex 29 2 2.4
      vertex 29 19 6.3
      vertex 29 19 2.4
    endloop
  endfacet
  facet normal -1 -0 0
    outer loop
      vertex 29 19 6.3
      vertex 29 2 2.4
      vertex 29 2 6.3
    endloop
  endfacet
  facet normal 1 -0 0
    outer loop
      vertex 51 21 6.3
      vertex 51 30 2.4
      vertex 51 30 6.3
    endloop
  endfacet
  facet normal 1 0 0
    outer loop
      vertex 51 30 2.4
      vertex 51 21 6.3
      vertex 51 21 2.4
    endloop
  endfacet
  facet normal 1 -0 0
    outer loop
      vertex 51 10 6.3
      vertex 51 19 2.4
      vertex 51 19 6.3
    endloop
  endfacet
  facet normal 1 0 0
    outer loop
      vertex 51 19 2.4
      vertex 51 10 6.3
      vertex 51 10 2.4
    endloop
  endfacet
  facet normal -1 0 0
    outer loop
      vertex 49 21 2.4
      vertex 49 30 6.3
      vertex 49 30 2.4
    endloop
  endfacet
  facet normal -1 -0 0
    outer loop
      vertex 49 30 6.3
      vertex 49 21 2.4
      vertex 49 21 6.3
    endloop
  endfacet
  facet normal -1 0 0
    outer loop
      vertex 49 10 2.4
      vertex 49 19 6.3
      vertex 49 19 2.4
    endloop
  endfacet
  facet normal -1 -0 0
    outer loop
      vertex 49 19 6.3
      vertex 49 10 2.4
      vertex 49 10 6.3
    endloop
  endfacet
  facet normal 1 -0 0
    outer loop
      vertex 71 61 6.3
      vertex 71 73 2.4
      vertex 71 73 6.3
    endloop
  endfacet
  facet normal 1 0 0
    outer loop
      vertex 71 73 2.4
      vertex 71 61 6.3
      vertex 71 61 2.4
    endloop
  endfacet
  facet normal 1 -0 0
    outer loop
      vertex 71 41 6.3
      vertex 71 59 2.4
      vertex 71 59 6.3
    endloop
  endfacet
  facet normal 1 0 0
    outer loop
      vertex 71 59 2.4
      vertex 71 41 6.3
      vertex 71 41 2.4
    endloop
  endfacet
  facet normal 1 -0 0
    outer loop
      vertex 71 21 6.3
      vertex 71 39 2.4
      vertex 71 39 6.3
    endloop
  endfacet
  facet normal 1 0 0
    outer loop
      vertex 71 39 2.4
      vertex 71 21 6.3
      vertex 71 21 2.4
    endloop
  endfacet
  facet normal 1 -0 0
    outer loop
      vertex 71 10 6.3
      vertex 71 19 2.4
      vertex 71 19 6.3
    endloop
  endfacet
  facet normal 1 0 0
    outer loop
      vertex 71 19 2.4
      vertex 71 10 6.3
      vertex 71 10 2.4
    endloop
  endfacet
  facet normal -1 0 0
    outer loop
      vertex 69 61 2.4
      vertex 69 73 6.3
      vertex 69 73 2.4
    endloop
  endfacet
  facet normal -1 -0 0
    outer loop
      vertex 69 73 6.3
      vertex 69 61 2.4
      vertex 69 61 6.3
    endloop
  endfacet
  facet normal -1 0 0
    outer loop
      vertex 69 41 2.4
      vertex 69 59 6.3
      vertex 69 59 2.4
    endloop
  endfacet
  facet normal -1 -0 0
    outer loop
      vertex 69 59 6.3
      vertex 69 41 2.4
      vertex 69 41 6.3
    endloop
  endfacet
  facet normal -1 0 0
    outer loop
      vertex 69 21 2.4
      vertex 69 39 6.3
      vertex 69 39 2.4
    endloop
  endfacet
  facet normal -1 -0 0
    outer loop
      vertex 69 39 6.3
      vertex 69 21 2.4
      vertex 69 21 6.3
    endloop
  endfacet
  facet normal -1 0 0
    outer loop
      vertex 69 10 2.4
      vertex 69 19 6.3
      vertex 69 19 2.4
    endloop
  endfacet
  facet normal -1 -0 0
    outer loop
      vertex 69 19 6.3
      vertex 69 10 2.4
      vertex 69 10 6.3
    endloop
  endfacet
  facet normal 0 1 -0
    outer loop
      vertex 84 75 0
      vertex 62 75 6.3
      vertex 84 75 6.3
    endloop
  endfacet
  facet normal 0 1 0
    outer loop
      vertex 62 75 6.3
      vertex 84 75 0
      vertex 62 75 0
    endloop
  endfacet
  facet normal 0 1 -0
    outer loop
      vertex -71 21 2.4
      vertex -88 21 6.3
      vertex -71 21 6.3
    endloop
  endfacet
  facet normal 0 1 0
    outer loop
      vertex -88 21 6.3
      vertex -71 21 2.4
      vertex -88 21 2.4
    endloop
  endfacet
  facet normal 0 1 -0
    outer loop
      vertex -51 21 2.4
      vertex -69 21 6.3
      vertex -51 21 6.3
    endloop
  endfacet
  facet normal 0 1 0
    outer loop
      vertex -69 21 6.3
      vertex -51 21 2.4
      vertex -69 21 2.4
    endloop
  endfacet
  facet normal 0 1 -0
    outer loop
      vertex -31 21 2.4
      vertex -49 21 6.3
      vertex -31 21 6.3
    endloop
  endfacet
  facet normal 0 1 0
    outer loop
      vertex -49 21 6.3
      vertex -31 21 2.4
      vertex -49 21 2.4
    endloop
  endfacet
  facet normal 0 1 -0
    outer loop
      vertex -11 21 2.4
      vertex -29 21 6.3
      vertex -11 21 6.3
    endloop
  endfacet
  facet normal 0 1 0
    outer loop
      vertex -29 21 6.3
      vertex -11 21 2.4
      vertex -29 21 2.4
    endloop
  endfacet
  facet normal 0 1 -0
    outer loop
      vertex 9 21 2.4
      vertex -9 21 6.3
      vertex 9 21 6.3
    endloop
  endfacet
  facet normal 0 1 0
    outer loop
      vertex -9 21 6.3
      vertex 9 21 2.4
      vertex -9 21 2.4
    endloop
  endfacet
  facet normal 0 1 -0
    outer loop
      vertex 29 21 2.4
      vertex 11 21 6.3
      vertex 29 21 6.3
    endloop
  endfacet
  facet normal 0 1 0
    outer loop
      vertex 11 21 6.3
      vertex 29 21 2.4
      vertex 11 21 2.4
    endloop
  endfacet
  facet normal 0 1 -0
    outer loop
      vertex 49 21 2.4
      vertex 31 21 6.3
      vertex 49 21 6.3
    endloop
  endfacet
  facet normal 0 1 0
    outer loop
      vertex 31 21 6.3
      vertex 49 21 2.4
      vertex 31 21 2.4
    endloop
  endfacet
  facet normal 0 1 -0
    outer loop
      vertex 69 21 2.4
      vertex 51 21 6.3
      vertex 69 21 6.3
    endloop
  endfacet
  facet normal 0 1 0
    outer loop
      vertex 51 21 6.3
      vertex 69 21 2.4
      vertex 51 21 2.4
    endloop
  endfacet
  facet normal 0 1 -0
    outer loop
      vertex 88 21 2.4
      vertex 71 21 6.3
      vertex 88 21 6.3
    endloop
  endfacet
  facet normal 0 1 0
    outer loop
      vertex 71 21 6.3
      vertex 88 21 2.4
      vertex 71 21 2.4
    endloop
  endfacet
  facet normal 0 -1 0
    outer loop
      vertex -88 19 2.4
      vertex -71 19 6.3
      vertex -88 19 6.3
    endloop
  endfacet
  facet normal 0 -1 -0
    outer loop
      vertex -71 19 6.3
      vertex -88 19 2.4
      vertex -71 19 2.4
    endloop
  endfacet
  facet normal 0 -1 0
    outer loop
      vertex -69 19 2.4
      vertex -51 19 6.3
      vertex -69 19 6.3
    endloop
  endfacet
  facet normal 0 -1 -0
    outer loop
      vertex -51 19 6.3
      vertex -69 19 2.4
      vertex -51 19 2.4
    endloop
  endfacet
  facet normal 0 -1 0
    outer loop
      vertex -49 19 2.4
      vertex -31 19 6.3
      vertex -49 19 6.3
    endloop
  endfacet
  facet normal 0 -1 -0
    outer loop
      vertex -31 19 6.3
      vertex -49 19 2.4
      vertex -31 19 2.4
    endloop
  endfacet
  facet normal 0 -1 0
    outer loop
      vertex -29 19 2.4
      vertex -11 19 6.3
      vertex -29 19 6.3
    endloop
  endfacet
  facet normal 0 -1 -0
    outer loop
      vertex -11 19 6.3
      vertex -29 19 2.4
      vertex -11 19 2.4
    endloop
  endfacet
  facet normal 0 -1 0
    outer loop
      vertex -9 19 2.4
      vertex 9 19 6.3
      vertex -9 19 6.3
    endloop
  endfacet
  facet normal 0 -1 -0
    outer loop
      vertex 9 19 6.3
      vertex -9 19 2.4
      vertex 9 19 2.4
    endloop
  endfacet
  facet normal 0 -1 0
    outer loop
      vertex 11 19 2.4
      vertex 29 19 6.3
      vertex 11 19 6.3
    endloop
  endfacet
  facet normal 0 -1 -0
    outer loop
      vertex 29 19 6.3
      vertex 11 19 2.4
      vertex 29 19 2.4
    endloop
  endfacet
  facet normal 0 -1 0
    outer loop
      vertex 31 19 2.4
      vertex 49 19 6.3
      vertex 31 19 6.3
    endloop
  endfacet
  facet normal 0 -1 -0
    outer loop
      vertex 49 19 6.3
      vertex 31 19 2.4
      vertex 49 19 2.4
    endloop
  endfacet
  facet normal 0 -1 0
    outer loop
      vertex 51 19 2.4
      vertex 69 19 6.3
      vertex 51 19 6.3
    endloop
  endfacet
  facet normal 0 -1 -0
    outer loop
      vertex 69 19 6.3
      vertex 51 19 2.4
      vertex 69 19 2.4
    endloop
  endfacet
  facet normal 0 -1 0
    outer loop
      vertex 71 19 2.4
      vertex 88 19 6.3
      vertex 71 19 6.3
    endloop
  endfacet
  facet normal 0 -1 -0
    outer loop
      vertex 88 19 6.3
      vertex 71 19 2.4
      vertex 88 19 2.4
    endloop
  endfacet
  facet normal 0 1 -0
    outer loop
      vertex -71 41 2.4
      vertex -88 41 6.3
      vertex -71 41 6.3
    endloop
  endfacet
  facet normal 0 1 0
    outer loop
      vertex -88 41 6.3
      vertex -71 41 2.4
      vertex -88 41 2.4
    endloop
  endfacet
  facet normal 0 1 -0
    outer loop
      vertex -64 41 2.4
      vertex -69 41 6.3
      vertex -64 41 6.3
    endloop
  endfacet
  facet normal 0 1 0
    outer loop
      vertex -69 41 6.3
      vertex -64 41 2.4
      vertex -69 41 2.4
    endloop
  endfacet
  facet normal 0 1 -0
    outer loop
      vertex 69 41 2.4
      vertex 64 41 6.3
      vertex 69 41 6.3
    endloop
  endfacet
  facet normal 0 1 0
    outer loop
      vertex 64 41 6.3
      vertex 69 41 2.4
      vertex 64 41 2.4
    endloop
  endfacet
  facet normal 0 1 -0
    outer loop
      vertex 88 41 2.4
      vertex 71 41 6.3
      vertex 88 41 6.3
    endloop
  endfacet
  facet normal 0 1 0
    outer loop
      vertex 71 41 6.3
      vertex 88 41 2.4
      vertex 71 41 2.4
    endloop
  endfacet
  facet normal 0 -1 0
    outer loop
      vertex -88 39 2.4
      vertex -71 39 6.3
      vertex -88 39 6.3
    endloop
  endfacet
  facet normal 0 -1 -0
    outer loop
      vertex -71 39 6.3
      vertex -88 39 2.4
      vertex -71 39 2.4
    endloop
  endfacet
  facet normal 0 -1 0
    outer loop
      vertex -69 39 2.4
      vertex -64 39 6.3
      vertex -69 39 6.3
    endloop
  endfacet
  facet normal 0 -1 -0
    outer loop
      vertex -64 39 6.3
      vertex -69 39 2.4
      vertex -64 39 2.4
    endloop
  endfacet
  facet normal 0 -1 0
    outer loop
      vertex 64 39 2.4
      vertex 69 39 6.3
      vertex 64 39 6.3
    endloop
  endfacet
  facet normal 0 -1 -0
    outer loop
      vertex 69 39 6.3
      vertex 64 39 2.4
      vertex 69 39 2.4
    endloop
  endfacet
  facet normal 0 -1 0
    outer loop
      vertex 71 39 2.4
      vertex 88 39 6.3
      vertex 71 39 6.3
    endloop
  endfacet
  facet normal 0 -1 -0
    outer loop
      vertex 88 39 6.3
      vertex 71 39 2.4
      vertex 88 39 2.4
    endloop
  endfacet
  facet normal 0 1 -0
    outer loop
      vertex -71 61 2.4
      vertex -88 61 6.3
      vertex -71 61 6.3
    endloop
  endfacet
  facet normal 0 1 0
    outer loop
      vertex -88 61 6.3
      vertex -71 61 2.4
      vertex -88 61 2.4
    endloop
  endfacet
  facet normal 0 1 -0
    outer loop
      vertex -64 61 2.4
      vertex -69 61 6.3
      vertex -64 61 6.3
    endloop
  endfacet
  facet normal 0 1 0
    outer loop
      vertex -69 61 6.3
      vertex -64 61 2.4
      vertex -69 61 2.4
    endloop
  endfacet
  facet normal 0 1 -0
    outer loop
      vertex 69 61 2.4
      vertex 64 61 6.3
      vertex 69 61 6.3
    endloop
  endfacet
  facet normal 0 1 0
    outer loop
      vertex 64 61 6.3
      vertex 69 61 2.4
      vertex 64 61 2.4
    endloop
  endfacet
  facet normal 0 1 -0
    outer loop
      vertex 88 61 2.4
      vertex 71 61 6.3
      vertex 88 61 6.3
    endloop
  endfacet
  facet normal 0 1 0
    outer loop
      vertex 71 61 6.3
      vertex 88 61 2.4
      vertex 71 61 2.4
    endloop
  endfacet
  facet normal 0 -1 0
    outer loop
      vertex -88 59 2.4
      vertex -71 59 6.3
      vertex -88 59 6.3
    endloop
  endfacet
  facet normal 0 -1 -0
    outer loop
      vertex -71 59 6.3
      vertex -88 59 2.4
      vertex -71 59 2.4
    endloop
  endfacet
  facet normal 0 -1 0
    outer loop
      vertex -69 59 2.4
      vertex -64 59 6.3
      vertex -69 59 6.3
    endloop
  endfacet
  facet normal 0 -1 -0
    outer loop
      vertex -64 59 6.3
      vertex -69 59 2.4
      vertex -64 59 2.4
    endloop
  endfacet
  facet normal 0 -1 0
    outer loop
      vertex 64 59 2.4
      vertex 69 59 6.3
      vertex 64 59 6.3
    endloop
  endfacet
  facet normal 0 -1 -0
    outer loop
      vertex 69 59 6.3
      vertex 64 59 2.4
      vertex 69 59 2.4
    endloop
  endfacet
  facet normal 0 -1 0
    outer loop
      vertex 71 59 2.4
      vertex 88 59 6.3
      vertex 71 59 6.3
    endloop
  endfacet
  facet normal 0 -1 -0
    outer loop
      vertex 88 59 6.3
      vertex 71 59 2.4
      vertex 88 59 2.4
    endloop
  endfacet
  facet normal 0.83143 -0.555629 0
    outer loop
      vertex 88.7601 2.34743 6.3
      vertex 89.1962 3 0
      vertex 89.1962 3 6.3
    endloop
  endfacet
  facet normal 0.83143 -0.555629 0
    outer loop
      vertex 89.1962 3 0
      vertex 88.7601 2.34743 6.3
      vertex 88.7601 2.34743 0
    endloop
  endfacet
  facet normal 0.896885 -0.442263 0
    outer loop
      vertex 89.1962 3 6.3
      vertex 89.5433 3.7039 0
      vertex 89.5433 3.7039 6.3
    endloop
  endfacet
  facet normal 0.896885 -0.442263 0
    outer loop
      vertex 89.5433 3.7039 0
      vertex 89.1962 3 6.3
      vertex 89.1962 3 0
    endloop
  endfacet
  facet normal 0.946959 -0.321353 0
    outer loop
      vertex 89.5433 3.7039 6.3
      vertex 89.7955 4.44708 0
      vertex 89.7955 4.44708 6.3
    endloop
  endfacet
  facet normal 0.946959 -0.321353 0
    outer loop
      vertex 89.7955 4.44708 0
      vertex 89.5433 3.7039 6.3
      vertex 89.5433 3.7039 0
    endloop
  endfacet
  facet normal 0.980764 -0.195195 0
    outer loop
      vertex 89.7955 4.44708 6.3
      vertex 89.9487 5.21684 0
      vertex 89.9487 5.21684 6.3
    endloop
  endfacet
  facet normal 0.980764 -0.195195 0
    outer loop
      vertex 89.9487 5.21684 0
      vertex 89.7955 4.44708 6.3
      vertex 89.7955 4.44708 0
    endloop
  endfacet
  facet normal 0.997862 -0.0653638 0
    outer loop
      vertex 89.9487 5.21684 6.3
      vertex 90 6 0
      vertex 90 6 6.3
    endloop
  endfacet
  facet normal 0.997862 -0.0653638 0
    outer loop
      vertex 90 6 0
      vertex 89.9487 5.21684 6.3
      vertex 89.9487 5.21684 0
    endloop
  endfacet
  facet normal 1 -0 0
    outer loop
      vertex 90 6 6.3
      vertex 90 69 0
      vertex 90 69 6.3
    endloop
  endfacet
  facet normal 1 0 0
    outer loop
      vertex 90 69 0
      vertex 90 6 6.3
      vertex 90 6 0
    endloop
  endfacet
  facet normal 0.997862 0.0653605 0
    outer loop
      vertex 90 69 6.3
      vertex 89.9487 69.7832 0
      vertex 89.9487 69.7832 6.3
    endloop
  endfacet
  facet normal 0.997862 0.0653605 0
    outer loop
      vertex 89.9487 69.7832 0
      vertex 90 69 6.3
      vertex 90 69 0
    endloop
  endfacet
  facet normal 0.980762 0.195209 0
    outer loop
      vertex 89.9487 69.7832 6.3
      vertex 89.7955 70.5529 0
      vertex 89.7955 70.5529 6.3
    endloop
  endfacet
  facet normal 0.980762 0.195209 0
    outer loop
      vertex 89.7955 70.5529 0
      vertex 89.9487 69.7832 6.3
      vertex 89.9487 69.7832 0
    endloop
  endfacet
  facet normal 0.946962 0.321345 0
    outer loop
      vertex 89.7955 70.5529 6.3
      vertex 89.5433 71.2961 0
      vertex 89.5433 71.2961 6.3
    endloop
  endfacet
  facet normal 0.946962 0.321345 0
    outer loop
      vertex 89.5433 71.2961 0
      vertex 89.7955 70.5529 6.3
      vertex 89.7955 70.5529 0
    endloop
  endfacet
  facet normal 0.896885 0.442263 0
    outer loop
      vertex 89.5433 71.2961 6.3
      vertex 89.1962 72 0
      vertex 89.1962 72 6.3
    endloop
  endfacet
  facet normal 0.896885 0.442263 0
    outer loop
      vertex 89.1962 72 0
      vertex 89.5433 71.2961 6.3
      vertex 89.5433 71.2961 0
    endloop
  endfacet
  facet normal 0.831442 0.555611 0
    outer loop
      vertex 89.1962 72 6.3
      vertex 88.7601 72.6526 0
      vertex 88.7601 72.6526 6.3
    endloop
  endfacet
  facet normal 0.831442 0.555611 0
    outer loop
      vertex 88.7601 72.6526 0
      vertex 89.1962 72 6.3
      vertex 89.1962 72 0
    endloop
  endfacet
  facet normal -1 0 0
    outer loop
      vertex 62 38 0
      vertex 62 75 6.3
      vertex 62 75 0
    endloop
  endfacet
  facet normal -1 -0 0
    outer loop
      vertex 62 75 6.3
      vertex 62 38 0
      vertex 62 38 6.3
    endloop
  endfacet
  facet normal 0 1 -0
    outer loop
      vertex 56 32 0
      vertex -56 32 6.3
      vertex 56 32 6.3
    endloop
  endfacet
  facet normal 0 1 0
    outer loop
      vertex -56 32 6.3
      vertex 56 32 0
      vertex -56 32 0
    endloop
  endfacet
  facet normal 1 -0 0
    outer loop
      vertex -62 38 6.3
      vertex -62 75 0
      vertex -62 75 6.3
    endloop
  endfacet
  facet normal 1 0 0
    outer loop
      vertex -62 75 0
      vertex -62 38 6.3
      vertex -62 38 0
    endloop
  endfacet
  facet normal -0.831442 0.555611 0
    outer loop
      vertex -89.1962 72 0
      vertex -88.7601 72.6526 6.3
      vertex -88.7601 72.6526 0
    endloop
  endfacet
  facet normal -0.831442 0.555611 0
    outer loop
      vertex -88.7601 72.6526 6.3
      vertex -89.1962 72 0
      vertex -89.1962 72 6.3
    endloop
  endfacet
  facet normal -0.896885 0.442263 0
    outer loop
      vertex -89.5433 71.2961 0
      vertex -89.1962 72 6.3
      vertex -89.1962 72 0
    endloop
  endfacet
  facet normal -0.896885 0.442263 0
    outer loop
      vertex -89.1962 72 6.3
      vertex -89.5433 71.2961 0
      vertex -89.5433 71.2961 6.3
    endloop
  endfacet
  facet normal -0.946962 0.321345 0
    outer loop
      vertex -89.7955 70.5529 0
      vertex -89.5433 71.2961 6.3
      vertex -89.5433 71.2961 0
    endloop
  endfacet
  facet normal -0.946962 0.321345 0
    outer loop
      vertex -89.5433 71.2961 6.3
      vertex -89.7955 70.5529 0
      vertex -89.7955 70.5529 6.3
    endloop
  endfacet
  facet normal -0.980762 0.195209 0
    outer loop
      vertex -89.9487 69.7832 0
      vertex -89.7955 70.5529 6.3
      vertex -89.7955 70.5529 0
    endloop
  endfacet
  facet normal -0.980762 0.195209 0
    outer loop
      vertex -89.7955 70.5529 6.3
      vertex -89.9487 69.7832 0
      vertex -89.9487 69.7832 6.3
    endloop
  endfacet
  facet normal -0.997862 0.0653605 0
    outer loop
      vertex -90 69 0
      vertex -89.9487 69.7832 6.3
      vertex -89.9487 69.7832 0
    endloop
  endfacet
  facet normal -0.997862 0.0653605 0
    outer loop
      vertex -89.9487 69.7832 6.3
      vertex -90 69 0
      vertex -90 69 6.3
    endloop
  endfacet
  facet normal -1 0 0
    outer loop
      vertex -90 6 0
      vertex -90 69 6.3
      vertex -90 69 0
    endloop
  endfacet
  facet normal -1 -0 0
    outer loop
      vertex -90 69 6.3
      vertex -90 6 0
      vertex -90 6 6.3
    endloop
  endfacet
  facet normal -0.997862 -0.0653638 0
    outer loop
      vertex -89.9487 5.21684 0
      vertex -90 6 6.3
      vertex -90 6 0
    endloop
  endfacet
  facet normal -0.997862 -0.0653638 0
    outer loop
      vertex -90 6 6.3
      vertex -89.9487 5.21684 0
      vertex -89.9487 5.21684 6.3
    endloop
  endfacet
  facet normal -0.980764 -0.195195 0
    outer loop
      vertex -89.7955 4.44708 0
      vertex -89.9487 5.21684 6.3
      vertex -89.9487 5.21684 0
    endloop
  endfacet
  facet normal -0.980764 -0.195195 0
    outer loop
      vertex -89.9487 5.21684 6.3
      vertex -89.7955 4.44708 0
      vertex -89.7955 4.44708 6.3
    endloop
  endfacet
  facet normal -0.946959 -0.321353 0
    outer loop
      vertex -89.5433 3.7039 0
      vertex -89.7955 4.44708 6.3
      vertex -89.7955 4.44708 0
    endloop
  endfacet
  facet normal -0.946959 -0.321353 0
    outer loop
      vertex -89.7955 4.44708 6.3
      vertex -89.5433 3.7039 0
      vertex -89.5433 3.7039 6.3
    endloop
  endfacet
  facet normal -0.896885 -0.442263 0
    outer loop
      vertex -89.1962 3 0
      vertex -89.5433 3.7039 6.3
      vertex -89.5433 3.7039 0
    endloop
  endfacet
  facet normal -0.896885 -0.442263 0
    outer loop
      vertex -89.5433 3.7039 6.3
      vertex -89.1962 3 0
      vertex -89.1962 3 6.3
    endloop
  endfacet
  facet normal -0.83143 -0.555629 0
    outer loop
      vertex -88.7601 2.34743 0
      vertex -89.1962 3 6.3
      vertex -89.1962 3 0
    endloop
  endfacet
  facet normal -0.83143 -0.555629 0
    outer loop
      vertex -89.1962 3 6.3
      vertex -88.7601 2.34743 0
      vertex -88.7601 2.34743 6.3
    endloop
  endfacet
  facet normal 1 -0 0
    outer loop
      vertex -48.5 2 6.3
      vertex -48.5 10 2.4
      vertex -48.5 10 6.3
    endloop
  endfacet
  facet normal 1 0 0
    outer loop
      vertex -48.5 10 2.4
      vertex -48.5 2 6.3
      vertex -48.5 2 2.4
    endloop
  endfacet
  facet normal -1 0 0
    outer loop
      vertex -71.5 2 2.4
      vertex -71.5 10 6.3
      vertex -71.5 10 2.4
    endloop
  endfacet
  facet normal -1 -0 0
    outer loop
      vertex -71.5 10 6.3
      vertex -71.5 2 2.4
      vertex -71.5 2 6.3
    endloop
  endfacet
  facet normal 0 1 -0
    outer loop
      vertex -71 10 2.4
      vertex -71.5 10 6.3
      vertex -71 10 6.3
    endloop
  endfacet
  facet normal 0 1 0
    outer loop
      vertex -71.5 10 6.3
      vertex -71 10 2.4
      vertex -71.5 10 2.4
    endloop
  endfacet
  facet normal 0 1 -0
    outer loop
      vertex -48.5 10 2.4
      vertex -49 10 6.3
      vertex -48.5 10 6.3
    endloop
  endfacet
  facet normal 0 1 0
    outer loop
      vertex -49 10 6.3
      vertex -48.5 10 2.4
      vertex -49 10 2.4
    endloop
  endfacet
  facet normal 0 1 -0
    outer loop
      vertex -51 10 2.4
      vertex -69 10 6.3
      vertex -51 10 6.3
    endloop
  endfacet
  facet normal 0 1 0
    outer loop
      vertex -69 10 6.3
      vertex -51 10 2.4
      vertex -69 10 2.4
    endloop
  endfacet
  facet normal 1 -0 0
    outer loop
      vertex 71.5 2 6.3
      vertex 71.5 10 2.4
      vertex 71.5 10 6.3
    endloop
  endfacet
  facet normal 1 0 0
    outer loop
      vertex 71.5 10 2.4
      vertex 71.5 2 6.3
      vertex 71.5 2 2.4
    endloop
  endfacet
  facet normal -1 0 0
    outer loop
      vertex 48.5 2 2.4
      vertex 48.5 10 6.3
      vertex 48.5 10 2.4
    endloop
  endfacet
  facet normal -1 -0 0
    outer loop
      vertex 48.5 10 6.3
      vertex 48.5 2 2.4
      vertex 48.5 2 6.3
    endloop
  endfacet
  facet normal 0 1 -0
    outer loop
      vertex 49 10 2.4
      vertex 48.5 10 6.3
      vertex 49 10 6.3
    endloop
  endfacet
  facet normal 0 1 0
    outer loop
      vertex 48.5 10 6.3
      vertex 49 10 2.4
      vertex 48.5 10 2.4
    endloop
  endfacet
  facet normal 0 1 -0
    outer loop
      vertex 71.5 10 2.4
      vertex 71 10 6.3
      vertex 71.5 10 6.3
    endloop
  endfacet
  facet normal 0 1 0
    outer loop
      vertex 71 10 6.3
      vertex 71.5 10 2.4
      vertex 71 10 2.4
    endloop
  endfacet
  facet normal 0 1 -0
    outer loop
      vertex 69 10 2.4
      vertex 51 10 6.3
      vertex 69 10 6.3
    endloop
  endfacet
  facet normal 0 1 0
    outer loop
      vertex 51 10 6.3
      vertex 69 10 2.4
      vertex 51 10 2.4
    endloop
  endfacet
  facet normal 0.195114 -0.980781 0
    outer loop
      vertex 84.7832 0.0513306 0
      vertex 85.5529 0.204453 6.3
      vertex 84.7832 0.0513306 6.3
    endloop
  endfacet
  facet normal 0.195114 -0.980781 0
    outer loop
      vertex 85.5529 0.204453 6.3
      vertex 84.7832 0.0513306 0
      vertex 85.5529 0.204453 0
    endloop
  endfacet
  facet normal 0.321429 -0.946934 0
    outer loop
      vertex 85.5529 0.204453 0
      vertex 86.2961 0.456726 6.3
      vertex 85.5529 0.204453 6.3
    endloop
  endfacet
  facet normal 0.321429 -0.946934 0
    outer loop
      vertex 86.2961 0.456726 6.3
      vertex 85.5529 0.204453 0
      vertex 86.2961 0.456726 0
    endloop
  endfacet
  facet normal 0.442286 -0.896874 0
    outer loop
      vertex 86.2961 0.456726 0
      vertex 87 0.803848 6.3
      vertex 86.2961 0.456726 6.3
    endloop
  endfacet
  facet normal 0.442286 -0.896874 0
    outer loop
      vertex 87 0.803848 6.3
      vertex 86.2961 0.456726 0
      vertex 87 0.803848 0
    endloop
  endfacet
  facet normal 0.555551 -0.831482 0
    outer loop
      vertex 87 0.803848 0
      vertex 87.6526 1.23988 6.3
      vertex 87 0.803848 6.3
    endloop
  endfacet
  facet normal 0.555551 -0.831482 0
    outer loop
      vertex 87.6526 1.23988 6.3
      vertex 87 0.803848 0
      vertex 87.6526 1.23988 0
    endloop
  endfacet
  facet normal 0.659385 -0.751806 0
    outer loop
      vertex 87.6526 1.23988 0
      vertex 88.2426 1.75735 6.3
      vertex 87.6526 1.23988 6.3
    endloop
  endfacet
  facet normal 0.659385 -0.751806 0
    outer loop
      vertex 88.2426 1.75735 6.3
      vertex 87.6526 1.23988 0
      vertex 88.2426 1.75735 0
    endloop
  endfacet
  facet normal 0.751831 -0.659356 0
    outer loop
      vertex 88.2426 1.75735 6.3
      vertex 88.7601 2.34743 0
      vertex 88.7601 2.34743 6.3
    endloop
  endfacet
  facet normal 0.751831 -0.659356 0
    outer loop
      vertex 88.7601 2.34743 0
      vertex 88.2426 1.75735 6.3
      vertex 88.2426 1.75735 0
    endloop
  endfacet
  facet normal 0.751787 0.659406 0
    outer loop
      vertex 88.7601 72.6526 6.3
      vertex 88.2426 73.2426 0
      vertex 88.2426 73.2426 6.3
    endloop
  endfacet
  facet normal 0.751787 0.659406 0
    outer loop
      vertex 88.2426 73.2426 0
      vertex 88.7601 72.6526 6.3
      vertex 88.7601 72.6526 0
    endloop
  endfacet
  facet normal 0.659406 0.751787 -0
    outer loop
      vertex 88.2426 73.2426 0
      vertex 87.6526 73.7601 6.3
      vertex 88.2426 73.2426 6.3
    endloop
  endfacet
  facet normal 0.659406 0.751787 0
    outer loop
      vertex 87.6526 73.7601 6.3
      vertex 88.2426 73.2426 0
      vertex 87.6526 73.7601 0
    endloop
  endfacet
  facet normal 0.555611 0.831442 -0
    outer loop
      vertex 87.6526 73.7601 0
      vertex 87 74.1962 6.3
      vertex 87.6526 73.7601 6.3
    endloop
  endfacet
  facet normal 0.555611 0.831442 0
    outer loop
      vertex 87 74.1962 6.3
      vertex 87.6526 73.7601 0
      vertex 87 74.1962 0
    endloop
  endfacet
  facet normal 0.442263 0.896885 -0
    outer loop
      vertex 87 74.1962 0
      vertex 86.2961 74.5433 6.3
      vertex 87 74.1962 6.3
    endloop
  endfacet
  facet normal 0.442263 0.896885 0
    outer loop
      vertex 86.2961 74.5433 6.3
      vertex 87 74.1962 0
      vertex 86.2961 74.5433 0
    endloop
  endfacet
  facet normal 0.321345 0.946962 -0
    outer loop
      vertex 86.2961 74.5433 0
      vertex 85.5529 74.7955 6.3
      vertex 86.2961 74.5433 6.3
    endloop
  endfacet
  facet normal 0.321345 0.946962 0
    outer loop
      vertex 85.5529 74.7955 6.3
      vertex 86.2961 74.5433 0
      vertex 85.5529 74.7955 0
    endloop
  endfacet
  facet normal 0.195209 0.980762 -0
    outer loop
      vertex 85.5529 74.7955 0
      vertex 84.7832 74.9487 6.3
      vertex 85.5529 74.7955 6.3
    endloop
  endfacet
  facet normal 0.195209 0.980762 0
    outer loop
      vertex 84.7832 74.9487 6.3
      vertex 85.5529 74.7955 0
      vertex 84.7832 74.9487 0
    endloop
  endfacet
  facet normal 0.0653605 0.997862 -0
    outer loop
      vertex 84.7832 74.9487 0
      vertex 84 75 6.3
      vertex 84.7832 74.9487 6.3
    endloop
  endfacet
  facet normal 0.0653605 0.997862 0
    outer loop
      vertex 84 75 6.3
      vertex 84.7832 74.9487 0
      vertex 84 75 0
    endloop
  endfacet
  facet normal -0.997862 0.0653605 0
    outer loop
      vertex 61.9487 37.2168 0
      vertex 62 38 6.3
      vertex 62 38 0
    endloop
  endfacet
  facet normal -0.997862 0.0653605 0
    outer loop
      vertex 62 38 6.3
      vertex 61.9487 37.2168 0
      vertex 61.9487 37.2168 6.3
    endloop
  endfacet
  facet normal -0.980762 0.195209 0
    outer loop
      vertex 61.7955 36.4471 0
      vertex 61.9487 37.2168 6.3
      vertex 61.9487 37.2168 0
    endloop
  endfacet
  facet normal -0.980762 0.195209 0
    outer loop
      vertex 61.9487 37.2168 6.3
      vertex 61.7955 36.4471 0
      vertex 61.7955 36.4471 6.3
    endloop
  endfacet
  facet normal -0.946962 0.321345 0
    outer loop
      vertex 61.5433 35.7039 0
      vertex 61.7955 36.4471 6.3
      vertex 61.7955 36.4471 0
    endloop
  endfacet
  facet normal -0.946962 0.321345 0
    outer loop
      vertex 61.7955 36.4471 6.3
      vertex 61.5433 35.7039 0
      vertex 61.5433 35.7039 6.3
    endloop
  endfacet
  facet normal -0.896885 0.442263 0
    outer loop
      vertex 61.1962 35 0
      vertex 61.5433 35.7039 6.3
      vertex 61.5433 35.7039 0
    endloop
  endfacet
  facet normal -0.896885 0.442263 0
    outer loop
      vertex 61.5433 35.7039 6.3
      vertex 61.1962 35 0
      vertex 61.1962 35 6.3
    endloop
  endfacet
  facet normal -0.831442 0.555611 0
    outer loop
      vertex 60.7601 34.3474 0
      vertex 61.1962 35 6.3
      vertex 61.1962 35 0
    endloop
  endfacet
  facet normal -0.831442 0.555611 0
    outer loop
      vertex 61.1962 35 6.3
      vertex 60.7601 34.3474 0
      vertex 60.7601 34.3474 6.3
    endloop
  endfacet
  facet normal -0.751787 0.659406 0
    outer loop
      vertex 60.2426 33.7574 0
      vertex 60.7601 34.3474 6.3
      vertex 60.7601 34.3474 0
    endloop
  endfacet
  facet normal -0.751787 0.659406 0
    outer loop
      vertex 60.7601 34.3474 6.3
      vertex 60.2426 33.7574 0
      vertex 60.2426 33.7574 6.3
    endloop
  endfacet
  facet normal -0.659406 0.751787 0
    outer loop
      vertex 60.2426 33.7574 0
      vertex 59.6526 33.2399 6.3
      vertex 60.2426 33.7574 6.3
    endloop
  endfacet
  facet normal -0.659406 0.751787 0
    outer loop
      vertex 59.6526 33.2399 6.3
      vertex 60.2426 33.7574 0
      vertex 59.6526 33.2399 0
    endloop
  endfacet
  facet normal -0.555611 0.831442 0
    outer loop
      vertex 59.6526 33.2399 0
      vertex 59 32.8038 6.3
      vertex 59.6526 33.2399 6.3
    endloop
  endfacet
  facet normal -0.555611 0.831442 0
    outer loop
      vertex 59 32.8038 6.3
      vertex 59.6526 33.2399 0
      vertex 59 32.8038 0
    endloop
  endfacet
  facet normal -0.442263 0.896885 0
    outer loop
      vertex 59 32.8038 0
      vertex 58.2961 32.4567 6.3
      vertex 59 32.8038 6.3
    endloop
  endfacet
  facet normal -0.442263 0.896885 0
    outer loop
      vertex 58.2961 32.4567 6.3
      vertex 59 32.8038 0
      vertex 58.2961 32.4567 0
    endloop
  endfacet
  facet normal -0.321345 0.946962 0
    outer loop
      vertex 58.2961 32.4567 0
      vertex 57.5529 32.2045 6.3
      vertex 58.2961 32.4567 6.3
    endloop
  endfacet
  facet normal -0.321345 0.946962 0
    outer loop
      vertex 57.5529 32.2045 6.3
      vertex 58.2961 32.4567 0
      vertex 57.5529 32.2045 0
    endloop
  endfacet
  facet normal -0.195209 0.980762 0
    outer loop
      vertex 57.5529 32.2045 0
      vertex 56.7832 32.0513 6.3
      vertex 57.5529 32.2045 6.3
    endloop
  endfacet
  facet normal -0.195209 0.980762 0
    outer loop
      vertex 56.7832 32.0513 6.3
      vertex 57.5529 32.2045 0
      vertex 56.7832 32.0513 0
    endloop
  endfacet
  facet normal -0.0653605 0.997862 0
    outer loop
      vertex 56.7832 32.0513 0
      vertex 56 32 6.3
      vertex 56.7832 32.0513 6.3
    endloop
  endfacet
  facet normal -0.0653605 0.997862 0
    outer loop
      vertex 56 32 6.3
      vertex 56.7832 32.0513 0
      vertex 56 32 0
    endloop
  endfacet
  facet normal 0.0653605 0.997862 -0
    outer loop
      vertex -56 32 0
      vertex -56.7832 32.0513 6.3
      vertex -56 32 6.3
    endloop
  endfacet
  facet normal 0.0653605 0.997862 0
    outer loop
      vertex -56.7832 32.0513 6.3
      vertex -56 32 0
      vertex -56.7832 32.0513 0
    endloop
  endfacet
  facet normal 0.195209 0.980762 -0
    outer loop
      vertex -56.7832 32.0513 0
      vertex -57.5529 32.2045 6.3
      vertex -56.7832 32.0513 6.3
    endloop
  endfacet
  facet normal 0.195209 0.980762 0
    outer loop
      vertex -57.5529 32.2045 6.3
      vertex -56.7832 32.0513 0
      vertex -57.5529 32.2045 0
    endloop
  endfacet
  facet normal 0.321345 0.946962 -0
    outer loop
      vertex -57.5529 32.2045 0
      vertex -58.2961 32.4567 6.3
      vertex -57.5529 32.2045 6.3
    endloop
  endfacet
  facet normal 0.321345 0.946962 0
    outer loop
      vertex -58.2961 32.4567 6.3
      vertex -57.5529 32.2045 0
      vertex -58.2961 32.4567 0
    endloop
  endfacet
  facet normal 0.442263 0.896885 -0
    outer loop
      vertex -58.2961 32.4567 0
      vertex -59 32.8038 6.3
      vertex -58.2961 32.4567 6.3
    endloop
  endfacet
  facet normal 0.442263 0.896885 0
    outer loop
      vertex -59 32.8038 6.3
      vertex -58.2961 32.4567 0
      vertex -59 32.8038 0
    endloop
  endfacet
  facet normal 0.555611 0.831442 -0
    outer loop
      vertex -59 32.8038 0
      vertex -59.6526 33.2399 6.3
      vertex -59 32.8038 6.3
    endloop
  endfacet
  facet normal 0.555611 0.831442 0
    outer loop
      vertex -59.6526 33.2399 6.3
      vertex -59 32.8038 0
      vertex -59.6526 33.2399 0
    endloop
  endfacet
  facet normal 0.659406 0.751787 -0
    outer loop
      vertex -59.6526 33.2399 0
      vertex -60.2426 33.7574 6.3
      vertex -59.6526 33.2399 6.3
    endloop
  endfacet
  facet normal 0.659406 0.751787 0
    outer loop
      vertex -60.2426 33.7574 6.3
      vertex -59.6526 33.2399 0
      vertex -60.2426 33.7574 0
    endloop
  endfacet
  facet normal 0.751787 0.659406 0
    outer loop
      vertex -60.2426 33.7574 6.3
      vertex -60.7601 34.3474 0
      vertex -60.7601 34.3474 6.3
    endloop
  endfacet
  facet normal 0.751787 0.659406 0
    outer loop
      vertex -60.7601 34.3474 0
      vertex -60.2426 33.7574 6.3
      vertex -60.2426 33.7574 0
    endloop
  endfacet
  facet normal 0.831442 0.555611 0
    outer loop
      vertex -60.7601 34.3474 6.3
      vertex -61.1962 35 0
      vertex -61.1962 35 6.3
    endloop
  endfacet
  facet normal 0.831442 0.555611 0
    outer loop
      vertex -61.1962 35 0
      vertex -60.7601 34.3474 6.3
      vertex -60.7601 34.3474 0
    endloop
  endfacet
  facet normal 0.896885 0.442263 0
    outer loop
      vertex -61.1962 35 6.3
      vertex -61.5433 35.7039 0
      vertex -61.5433 35.7039 6.3
    endloop
  endfacet
  facet normal 0.896885 0.442263 0
    outer loop
      vertex -61.5433 35.7039 0
      vertex -61.1962 35 6.3
      vertex -61.1962 35 0
    endloop
  endfacet
  facet normal 0.946962 0.321345 0
    outer loop
      vertex -61.5433 35.7039 6.3
      vertex -61.7955 36.4471 0
      vertex -61.7955 36.4471 6.3
    endloop
  endfacet
  facet normal 0.946962 0.321345 0
    outer loop
      vertex -61.7955 36.4471 0
      vertex -61.5433 35.7039 6.3
      vertex -61.5433 35.7039 0
    endloop
  endfacet
  facet normal 0.980762 0.195209 0
    outer loop
      vertex -61.7955 36.4471 6.3
      vertex -61.9487 37.2168 0
      vertex -61.9487 37.2168 6.3
    endloop
  endfacet
  facet normal 0.980762 0.195209 0
    outer loop
      vertex -61.9487 37.2168 0
      vertex -61.7955 36.4471 6.3
      vertex -61.7955 36.4471 0
    endloop
  endfacet
  facet normal 0.997862 0.0653605 0
    outer loop
      vertex -61.9487 37.2168 6.3
      vertex -62 38 0
      vertex -62 38 6.3
    endloop
  endfacet
  facet normal 0.997862 0.0653605 0
    outer loop
      vertex -62 38 0
      vertex -61.9487 37.2168 6.3
      vertex -61.9487 37.2168 0
    endloop
  endfacet
  facet normal -0.0653605 0.997862 0
    outer loop
      vertex -84 75 0
      vertex -84.7832 74.9487 6.3
      vertex -84 75 6.3
    endloop
  endfacet
  facet normal -0.0653605 0.997862 0
    outer loop
      vertex -84.7832 74.9487 6.3
      vertex -84 75 0
      vertex -84.7832 74.9487 0
    endloop
  endfacet
  facet normal -0.195209 0.980762 0
    outer loop
      vertex -84.7832 74.9487 0
      vertex -85.5529 74.7955 6.3
      vertex -84.7832 74.9487 6.3
    endloop
  endfacet
  facet normal -0.195209 0.980762 0
    outer loop
      vertex -85.5529 74.7955 6.3
      vertex -84.7832 74.9487 0
      vertex -85.5529 74.7955 0
    endloop
  endfacet
  facet normal -0.321345 0.946962 0
    outer loop
      vertex -85.5529 74.7955 0
      vertex -86.2961 74.5433 6.3
      vertex -85.5529 74.7955 6.3
    endloop
  endfacet
  facet normal -0.321345 0.946962 0
    outer loop
      vertex -86.2961 74.5433 6.3
      vertex -85.5529 74.7955 0
      vertex -86.2961 74.5433 0
    endloop
  endfacet
  facet normal -0.442263 0.896885 0
    outer loop
      vertex -86.2961 74.5433 0
      vertex -87 74.1962 6.3
      vertex -86.2961 74.5433 6.3
    endloop
  endfacet
  facet normal -0.442263 0.896885 0
    outer loop
      vertex -87 74.1962 6.3
      vertex -86.2961 74.5433 0
      vertex -87 74.1962 0
    endloop
  endfacet
  facet normal -0.555611 0.831442 0
    outer loop
      vertex -87 74.1962 0
      vertex -87.6526 73.7601 6.3
      vertex -87 74.1962 6.3
    endloop
  endfacet
  facet normal -0.555611 0.831442 0
    outer loop
      vertex -87.6526 73.7601 6.3
      vertex -87 74.1962 0
      vertex -87.6526 73.7601 0
    endloop
  endfacet
  facet normal -0.659406 0.751787 0
    outer loop
      vertex -87.6526 73.7601 0
      vertex -88.2426 73.2426 6.3
      vertex -87.6526 73.7601 6.3
    endloop
  endfacet
  facet normal -0.659406 0.751787 0
    outer loop
      vertex -88.2426 73.2426 6.3
      vertex -87.6526 73.7601 0
      vertex -88.2426 73.2426 0
    endloop
  endfacet
  facet normal -0.751787 0.659406 0
    outer loop
      vertex -88.7601 72.6526 0
      vertex -88.2426 73.2426 6.3
      vertex -88.2426 73.2426 0
    endloop
  endfacet
  facet normal -0.751787 0.659406 0
    outer loop
      vertex -88.2426 73.2426 6.3
      vertex -88.7601 72.6526 0
      vertex -88.7601 72.6526 6.3
    endloop
  endfacet
  facet normal -0.751831 -0.659356 0
    outer loop
      vertex -88.2426 1.75735 0
      vertex -88.7601 2.34743 6.3
      vertex -88.7601 2.34743 0
    endloop
  endfacet
  facet normal -0.751831 -0.659356 0
    outer loop
      vertex -88.7601 2.34743 6.3
      vertex -88.2426 1.75735 0
      vertex -88.2426 1.75735 6.3
    endloop
  endfacet
  facet normal -0.659385 -0.751806 0
    outer loop
      vertex -88.2426 1.75735 0
      vertex -87.6526 1.23988 6.3
      vertex -88.2426 1.75735 6.3
    endloop
  endfacet
  facet normal -0.659385 -0.751806 -0
    outer loop
      vertex -87.6526 1.23988 6.3
      vertex -88.2426 1.75735 0
      vertex -87.6526 1.23988 0
    endloop
  endfacet
  facet normal -0.555551 -0.831482 0
    outer loop
      vertex -87.6526 1.23988 0
      vertex -87 0.803848 6.3
      vertex -87.6526 1.23988 6.3
    endloop
  endfacet
  facet normal -0.555551 -0.831482 -0
    outer loop
      vertex -87 0.803848 6.3
      vertex -87.6526 1.23988 0
      vertex -87 0.803848 0
    endloop
  endfacet
  facet normal -0.442286 -0.896874 0
    outer loop
      vertex -87 0.803848 0
      vertex -86.2961 0.456726 6.3
      vertex -87 0.803848 6.3
    endloop
  endfacet
  facet normal -0.442286 -0.896874 -0
    outer loop
      vertex -86.2961 0.456726 6.3
      vertex -87 0.803848 0
      vertex -86.2961 0.456726 0
    endloop
  endfacet
  facet normal -0.321429 -0.946934 0
    outer loop
      vertex -86.2961 0.456726 0
      vertex -85.5529 0.204453 6.3
      vertex -86.2961 0.456726 6.3
    endloop
  endfacet
  facet normal -0.321429 -0.946934 -0
    outer loop
      vertex -85.5529 0.204453 6.3
      vertex -86.2961 0.456726 0
      vertex -85.5529 0.204453 0
    endloop
  endfacet
  facet normal -0.195114 -0.980781 0
    outer loop
      vertex -85.5529 0.204453 0
      vertex -84.7832 0.0513306 6.3
      vertex -85.5529 0.204453 6.3
    endloop
  endfacet
  facet normal -0.195114 -0.980781 -0
    outer loop
      vertex -84.7832 0.0513306 6.3
      vertex -85.5529 0.204453 0
      vertex -84.7832 0.0513306 0
    endloop
  endfacet
  facet normal -0.0653993 -0.997859 0
    outer loop
      vertex -84.7832 0.0513306 0
      vertex -84 0 6.3
      vertex -84.7832 0.0513306 6.3
    endloop
  endfacet
  facet normal -0.0653993 -0.997859 -0
    outer loop
      vertex -84 0 6.3
      vertex -84.7832 0.0513306 0
      vertex -84 0 0
    endloop
  endfacet
  facet normal 0.0653993 -0.997859 0
    outer loop
      vertex 84 0 0
      vertex 84.7832 0.0513306 6.3
      vertex 84 0 6.3
    endloop
  endfacet
  facet normal 0.0653993 -0.997859 0
    outer loop
      vertex 84.7832 0.0513306 6.3
      vertex 84 0 0
      vertex 84.7832 0.0513306 0
    endloop
  endfacet
  facet normal 0.0654074 0.997859 -0
    outer loop
      vertex -83.9346 2 2.4
      vertex -84.5215 2.03847 6.3
      vertex -83.9346 2 6.3
    endloop
  endfacet
  facet normal 0.0654074 0.997859 0
    outer loop
      vertex -84.5215 2.03847 6.3
      vertex -83.9346 2 2.4
      vertex -84.5215 2.03847 2.4
    endloop
  endfacet
  facet normal 0.195068 0.98079 -0
    outer loop
      vertex -84.5215 2.03847 2.4
      vertex -85.0342 2.14044 6.3
      vertex -84.5215 2.03847 6.3
    endloop
  endfacet
  facet normal 0.195068 0.98079 0
    outer loop
      vertex -85.0342 2.14044 6.3
      vertex -84.5215 2.03847 2.4
      vertex -85.0342 2.14044 2.4
    endloop
  endfacet
  facet normal 0.321446 0.946928 -0
    outer loop
      vertex -85.0342 2.14044 2.4
      vertex -85.5291 2.30844 6.3
      vertex -85.0342 2.14044 6.3
    endloop
  endfacet
  facet normal 0.321446 0.946928 0
    outer loop
      vertex -85.5291 2.30844 6.3
      vertex -85.0342 2.14044 2.4
      vertex -85.5291 2.30844 2.4
    endloop
  endfacet
  facet normal 0.442339 0.896848 -0
    outer loop
      vertex -85.5291 2.30844 2.4
      vertex -85.9978 2.53961 6.3
      vertex -85.5291 2.30844 6.3
    endloop
  endfacet
  facet normal 0.442339 0.896848 0
    outer loop
      vertex -85.9978 2.53961 6.3
      vertex -85.5291 2.30844 2.4
      vertex -85.9978 2.53961 2.4
    endloop
  endfacet
  facet normal 0.55553 0.831497 -0
    outer loop
      vertex -85.9978 2.53961 2.4
      vertex -86.4324 2.82997 6.3
      vertex -85.9978 2.53961 6.3
    endloop
  endfacet
  facet normal 0.55553 0.831497 0
    outer loop
      vertex -86.4324 2.82997 6.3
      vertex -85.9978 2.53961 2.4
      vertex -86.4324 2.82997 2.4
    endloop
  endfacet
  facet normal 0.659333 0.751851 -0
    outer loop
      vertex -86.4324 2.82997 2.4
      vertex -86.8254 3.17461 6.3
      vertex -86.4324 2.82997 6.3
    endloop
  endfacet
  facet normal 0.659333 0.751851 0
    outer loop
      vertex -86.8254 3.17461 6.3
      vertex -86.4324 2.82997 2.4
      vertex -86.8254 3.17461 2.4
    endloop
  endfacet
  facet normal 0.751864 0.659318 0
    outer loop
      vertex -86.8254 3.17461 6.3
      vertex -87.17 3.56758 2.4
      vertex -87.17 3.56758 6.3
    endloop
  endfacet
  facet normal 0.751864 0.659318 0
    outer loop
      vertex -87.17 3.56758 2.4
      vertex -86.8254 3.17461 6.3
      vertex -86.8254 3.17461 2.4
    endloop
  endfacet
  facet normal 0.831443 0.555609 0
    outer loop
      vertex -87.17 3.56758 6.3
      vertex -87.4604 4.00215 2.4
      vertex -87.4604 4.00215 6.3
    endloop
  endfacet
  facet normal 0.831443 0.555609 0
    outer loop
      vertex -87.4604 4.00215 2.4
      vertex -87.17 3.56758 6.3
      vertex -87.17 3.56758 2.4
    endloop
  endfacet
  facet normal 0.896851 0.442332 0
    outer loop
      vertex -87.4604 4.00215 6.3
      vertex -87.6916 4.47092 2.4
      vertex -87.6916 4.47092 6.3
    endloop
  endfacet
  facet normal 0.896851 0.442332 0
    outer loop
      vertex -87.6916 4.47092 2.4
      vertex -87.4604 4.00215 6.3
      vertex -87.4604 4.00215 2.4
    endloop
  endfacet
  facet normal 0.946932 0.321435 0
    outer loop
      vertex -87.6916 4.47092 6.3
      vertex -87.8596 4.96584 2.4
      vertex -87.8596 4.96584 6.3
    endloop
  endfacet
  facet normal 0.946932 0.321435 0
    outer loop
      vertex -87.8596 4.96584 2.4
      vertex -87.6916 4.47092 6.3
      vertex -87.6916 4.47092 2.4
    endloop
  endfacet
  facet normal 0.980812 0.194957 0
    outer loop
      vertex -87.8596 4.96584 6.3
      vertex -87.9615 5.47849 2.4
      vertex -87.9615 5.47849 6.3
    endloop
  endfacet
  facet normal 0.980812 0.194957 0
    outer loop
      vertex -87.9615 5.47849 2.4
      vertex -87.8596 4.96584 6.3
      vertex -87.8596 4.96584 2.4
    endloop
  endfacet
  facet normal 0.997855 0.0654593 0
    outer loop
      vertex -87.9615 5.47849 6.3
      vertex -88 6.06538 2.4
      vertex -88 6.06538 6.3
    endloop
  endfacet
  facet normal 0.997855 0.0654593 0
    outer loop
      vertex -88 6.06538 2.4
      vertex -87.9615 5.47849 6.3
      vertex -87.9615 5.47849 2.4
    endloop
  endfacet
  facet normal 1 -0 0
    outer loop
      vertex -88 61 6.3
      vertex -88 68.9346 2.4
      vertex -88 68.9346 6.3
    endloop
  endfacet
  facet normal 1 0 0
    outer loop
      vertex -88 68.9346 2.4
      vertex -88 61 6.3
      vertex -88 61 2.4
    endloop
  endfacet
  facet normal 1 -0 0
    outer loop
      vertex -88 6.06538 6.3
      vertex -88 19 2.4
      vertex -88 19 6.3
    endloop
  endfacet
  facet normal 1 0 0
    outer loop
      vertex -88 19 2.4
      vertex -88 6.06538 6.3
      vertex -88 6.06538 2.4
    endloop
  endfacet
  facet normal 1 -0 0
    outer loop
      vertex -88 41 6.3
      vertex -88 59 2.4
      vertex -88 59 6.3
    endloop
  endfacet
  facet normal 1 0 0
    outer loop
      vertex -88 59 2.4
      vertex -88 41 6.3
      vertex -88 41 2.4
    endloop
  endfacet
  facet normal 1 -0 0
    outer loop
      vertex -88 21 6.3
      vertex -88 39 2.4
      vertex -88 39 6.3
    endloop
  endfacet
  facet normal 1 0 0
    outer loop
      vertex -88 39 2.4
      vertex -88 21 6.3
      vertex -88 21 2.4
    endloop
  endfacet
  facet normal 0.997855 -0.0654582 0
    outer loop
      vertex -88 68.9346 6.3
      vertex -87.9615 69.5215 2.4
      vertex -87.9615 69.5215 6.3
    endloop
  endfacet
  facet normal 0.997855 -0.0654582 0
    outer loop
      vertex -87.9615 69.5215 2.4
      vertex -88 68.9346 6.3
      vertex -88 68.9346 2.4
    endloop
  endfacet
  facet normal 0.980815 -0.194939 0
    outer loop
      vertex -87.9615 69.5215 6.3
      vertex -87.8596 70.0342 2.4
      vertex -87.8596 70.0342 6.3
    endloop
  endfacet
  facet normal 0.980815 -0.194939 0
    outer loop
      vertex -87.8596 70.0342 2.4
      vertex -87.9615 69.5215 6.3
      vertex -87.9615 69.5215 2.4
    endloop
  endfacet
  facet normal 0.946928 -0.321446 0
    outer loop
      vertex -87.8596 70.0342 6.3
      vertex -87.6916 70.5291 2.4
      vertex -87.6916 70.5291 6.3
    endloop
  endfacet
  facet normal 0.946928 -0.321446 0
    outer loop
      vertex -87.6916 70.5291 2.4
      vertex -87.8596 70.0342 6.3
      vertex -87.8596 70.0342 2.4
    endloop
  endfacet
  facet normal 0.896825 -0.442385 0
    outer loop
      vertex -87.6916 70.5291 6.3
      vertex -87.4604 70.9978 2.4
      vertex -87.4604 70.9978 6.3
    endloop
  endfacet
  facet normal 0.896825 -0.442385 0
    outer loop
      vertex -87.4604 70.9978 2.4
      vertex -87.6916 70.5291 6.3
      vertex -87.6916 70.5291 2.4
    endloop
  endfacet
  facet normal 0.831461 -0.555583 0
    outer loop
      vertex -87.4604 70.9978 6.3
      vertex -87.17 71.4324 2.4
      vertex -87.17 71.4324 6.3
    endloop
  endfacet
  facet normal 0.831461 -0.555583 0
    outer loop
      vertex -87.17 71.4324 2.4
      vertex -87.4604 70.9978 6.3
      vertex -87.4604 70.9978 2.4
    endloop
  endfacet
  facet normal 0.751889 -0.65929 0
    outer loop
      vertex -87.17 71.4324 6.3
      vertex -86.8254 71.8254 2.4
      vertex -86.8254 71.8254 6.3
    endloop
  endfacet
  facet normal 0.751889 -0.65929 0
    outer loop
      vertex -86.8254 71.8254 2.4
      vertex -87.17 71.4324 6.3
      vertex -87.17 71.4324 2.4
    endloop
  endfacet
  facet normal 0.65929 -0.751889 0
    outer loop
      vertex -86.8254 71.8254 2.4
      vertex -86.4324 72.17 6.3
      vertex -86.8254 71.8254 6.3
    endloop
  endfacet
  facet normal 0.65929 -0.751889 0
    outer loop
      vertex -86.4324 72.17 6.3
      vertex -86.8254 71.8254 2.4
      vertex -86.4324 72.17 2.4
    endloop
  endfacet
  facet normal 0.555583 -0.831461 0
    outer loop
      vertex -86.4324 72.17 2.4
      vertex -85.9978 72.4604 6.3
      vertex -86.4324 72.17 6.3
    endloop
  endfacet
  facet normal 0.555583 -0.831461 0
    outer loop
      vertex -85.9978 72.4604 6.3
      vertex -86.4324 72.17 2.4
      vertex -85.9978 72.4604 2.4
    endloop
  endfacet
  facet normal 0.442385 -0.896825 0
    outer loop
      vertex -85.9978 72.4604 2.4
      vertex -85.5291 72.6916 6.3
      vertex -85.9978 72.4604 6.3
    endloop
  endfacet
  facet normal 0.442385 -0.896825 0
    outer loop
      vertex -85.5291 72.6916 6.3
      vertex -85.9978 72.4604 2.4
      vertex -85.5291 72.6916 2.4
    endloop
  endfacet
  facet normal 0.321446 -0.946928 0
    outer loop
      vertex -85.5291 72.6916 2.4
      vertex -85.0342 72.8596 6.3
      vertex -85.5291 72.6916 6.3
    endloop
  endfacet
  facet normal 0.321446 -0.946928 0
    outer loop
      vertex -85.0342 72.8596 6.3
      vertex -85.5291 72.6916 2.4
      vertex -85.0342 72.8596 2.4
    endloop
  endfacet
  facet normal 0.194939 -0.980815 0
    outer loop
      vertex -85.0342 72.8596 2.4
      vertex -84.5215 72.9615 6.3
      vertex -85.0342 72.8596 6.3
    endloop
  endfacet
  facet normal 0.194939 -0.980815 0
    outer loop
      vertex -84.5215 72.9615 6.3
      vertex -85.0342 72.8596 2.4
      vertex -84.5215 72.9615 2.4
    endloop
  endfacet
  facet normal 0.0654582 -0.997855 0
    outer loop
      vertex -84.5215 72.9615 2.4
      vertex -83.9346 73 6.3
      vertex -84.5215 72.9615 6.3
    endloop
  endfacet
  facet normal 0.0654582 -0.997855 0
    outer loop
      vertex -83.9346 73 6.3
      vertex -84.5215 72.9615 2.4
      vertex -83.9346 73 2.4
    endloop
  endfacet
  facet normal 0 -1 0
    outer loop
      vertex -83.9346 73 2.4
      vertex -71 73 6.3
      vertex -83.9346 73 6.3
    endloop
  endfacet
  facet normal 0 -1 -0
    outer loop
      vertex -71 73 6.3
      vertex -83.9346 73 2.4
      vertex -71 73 2.4
    endloop
  endfacet
  facet normal 0 -1 0
    outer loop
      vertex -69 73 2.4
      vertex -64 73 6.3
      vertex -69 73 6.3
    endloop
  endfacet
  facet normal 0 -1 -0
    outer loop
      vertex -64 73 6.3
      vertex -69 73 2.4
      vertex -64 73 2.4
    endloop
  endfacet
  facet normal -1 0 0
    outer loop
      vertex -64 61 2.4
      vertex -64 73 6.3
      vertex -64 73 2.4
    endloop
  endfacet
  facet normal -1 -0 0
    outer loop
      vertex -64 73 6.3
      vertex -64 61 2.4
      vertex -64 61 6.3
    endloop
  endfacet
  facet normal -1 0 0
    outer loop
      vertex -64 38 2.4
      vertex -64 39 6.3
      vertex -64 39 2.4
    endloop
  endfacet
  facet normal -1 -0 0
    outer loop
      vertex -64 39 6.3
      vertex -64 38 2.4
      vertex -64 38 6.3
    endloop
  endfacet
  facet normal -1 0 0
    outer loop
      vertex -64 41 2.4
      vertex -64 59 6.3
      vertex -64 59 2.4
    endloop
  endfacet
  facet normal -1 -0 0
    outer loop
      vertex -64 59 6.3
      vertex -64 41 2.4
      vertex -64 41 6.3
    endloop
  endfacet
  facet normal -0.99946 -0.0328569 0
    outer loop
      vertex -63.9957 37.8692 2.4
      vertex -64 38 6.3
      vertex -64 38 2.4
    endloop
  endfacet
  facet normal -0.99946 -0.0328569 0
    outer loop
      vertex -64 38 6.3
      vertex -63.9957 37.8692 2.4
      vertex -63.9957 37.8692 6.3
    endloop
  endfacet
  facet normal -0.997862 -0.0653605 0
    outer loop
      vertex -63.9444 37.086 2.4
      vertex -63.9957 37.8692 6.3
      vertex -63.9957 37.8692 2.4
    endloop
  endfacet
  facet normal -0.997862 -0.0653605 0
    outer loop
      vertex -63.9957 37.8692 6.3
      vertex -63.9444 37.086 2.4
      vertex -63.9444 37.086 6.3
    endloop
  endfacet
  facet normal -0.99142 -0.130712 0
    outer loop
      vertex -63.9102 36.8266 2.4
      vertex -63.9444 37.086 6.3
      vertex -63.9444 37.086 2.4
    endloop
  endfacet
  facet normal -0.99142 -0.130712 0
    outer loop
      vertex -63.9444 37.086 6.3
      vertex -63.9102 36.8266 2.4
      vertex -63.9102 36.8266 6.3
    endloop
  endfacet
  facet normal -0.980786 -0.195087 0
    outer loop
      vertex -63.7571 36.0569 2.4
      vertex -63.9102 36.8266 6.3
      vertex -63.9102 36.8266 2.4
    endloop
  endfacet
  facet normal -0.980786 -0.195087 0
    outer loop
      vertex -63.9102 36.8266 6.3
      vertex -63.7571 36.0569 2.4
      vertex -63.7571 36.0569 6.3
    endloop
  endfacet
  facet normal -0.965936 -0.258781 0
    outer loop
      vertex -63.6894 35.8042 2.4
      vertex -63.7571 36.0569 6.3
      vertex -63.7571 36.0569 2.4
    endloop
  endfacet
  facet normal -0.965936 -0.258781 0
    outer loop
      vertex -63.7571 36.0569 6.3
      vertex -63.6894 35.8042 2.4
      vertex -63.6894 35.8042 6.3
    endloop
  endfacet
  facet normal -0.946923 -0.32146 0
    outer loop
      vertex -63.4371 35.061 2.4
      vertex -63.6894 35.8042 6.3
      vertex -63.6894 35.8042 2.4
    endloop
  endfacet
  facet normal -0.946923 -0.32146 0
    outer loop
      vertex -63.6894 35.8042 6.3
      vertex -63.4371 35.061 2.4
      vertex -63.4371 35.061 6.3
    endloop
  endfacet
  facet normal -0.9239 -0.382633 0
    outer loop
      vertex -63.337 34.8193 2.4
      vertex -63.4371 35.061 6.3
      vertex -63.4371 35.061 2.4
    endloop
  endfacet
  facet normal -0.9239 -0.382633 0
    outer loop
      vertex -63.4371 35.061 6.3
      vertex -63.337 34.8193 2.4
      vertex -63.337 34.8193 6.3
    endloop
  endfacet
  facet normal -0.896885 -0.442263 0
    outer loop
      vertex -62.9899 34.1154 2.4
      vertex -63.337 34.8193 6.3
      vertex -63.337 34.8193 2.4
    endloop
  endfacet
  facet normal -0.896885 -0.442263 0
    outer loop
      vertex -63.337 34.8193 6.3
      vertex -62.9899 34.1154 2.4
      vertex -62.9899 34.1154 6.3
    endloop
  endfacet
  facet normal -0.865975 -0.500086 0
    outer loop
      vertex -62.8591 33.8889 2.4
      vertex -62.9899 34.1154 6.3
      vertex -62.9899 34.1154 2.4
    endloop
  endfacet
  facet normal -0.865975 -0.500086 0
    outer loop
      vertex -62.9899 34.1154 6.3
      vertex -62.8591 33.8889 2.4
      vertex -62.8591 33.8889 6.3
    endloop
  endfacet
  facet normal -0.831442 -0.555611 0
    outer loop
      vertex -62.423 33.2363 2.4
      vertex -62.8591 33.8889 6.3
      vertex -62.8591 33.8889 2.4
    endloop
  endfacet
  facet normal -0.831442 -0.555611 0
    outer loop
      vertex -62.8591 33.8889 6.3
      vertex -62.423 33.2363 2.4
      vertex -62.423 33.2363 6.3
    endloop
  endfacet
  facet normal -0.793533 -0.608528 0
    outer loop
      vertex -62.2638 33.0287 2.4
      vertex -62.423 33.2363 6.3
      vertex -62.423 33.2363 2.4
    endloop
  endfacet
  facet normal -0.793533 -0.608528 0
    outer loop
      vertex -62.423 33.2363 6.3
      vertex -62.2638 33.0287 2.4
      vertex -62.2638 33.0287 6.3
    endloop
  endfacet
  facet normal -0.751787 -0.659406 0
    outer loop
      vertex -61.7463 32.4387 2.4
      vertex -62.2638 33.0287 6.3
      vertex -62.2638 33.0287 2.4
    endloop
  endfacet
  facet normal -0.751787 -0.659406 0
    outer loop
      vertex -62.2638 33.0287 6.3
      vertex -61.7463 32.4387 2.4
      vertex -61.7463 32.4387 6.3
    endloop
  endfacet
  facet normal -0.707107 -0.707107 0
    outer loop
      vertex -61.5613 32.2537 2.4
      vertex -61.7463 32.4387 6.3
      vertex -61.7463 32.4387 2.4
    endloop
  endfacet
  facet normal -0.707107 -0.707107 0
    outer loop
      vertex -61.7463 32.4387 6.3
      vertex -61.5613 32.2537 2.4
      vertex -61.5613 32.2537 6.3
    endloop
  endfacet
  facet normal -0.659406 -0.751787 0
    outer loop
      vertex -61.5613 32.2537 2.4
      vertex -60.9713 31.7362 6.3
      vertex -61.5613 32.2537 6.3
    endloop
  endfacet
  facet normal -0.659406 -0.751787 -0
    outer loop
      vertex -60.9713 31.7362 6.3
      vertex -61.5613 32.2537 2.4
      vertex -60.9713 31.7362 2.4
    endloop
  endfacet
  facet normal -0.608528 -0.793533 0
    outer loop
      vertex -60.9713 31.7362 2.4
      vertex -60.7637 31.577 6.3
      vertex -60.9713 31.7362 6.3
    endloop
  endfacet
  facet normal -0.608528 -0.793533 -0
    outer loop
      vertex -60.7637 31.577 6.3
      vertex -60.9713 31.7362 2.4
      vertex -60.7637 31.577 2.4
    endloop
  endfacet
  facet normal -0.555611 -0.831442 0
    outer loop
      vertex -60.7637 31.577 2.4
      vertex -60.1111 31.1409 6.3
      vertex -60.7637 31.577 6.3
    endloop
  endfacet
  facet normal -0.555611 -0.831442 -0
    outer loop
      vertex -60.1111 31.1409 6.3
      vertex -60.7637 31.577 2.4
      vertex -60.1111 31.1409 2.4
    endloop
  endfacet
  facet normal -0.500086 -0.865975 0
    outer loop
      vertex -60.1111 31.1409 2.4
      vertex -59.8846 31.0101 6.3
      vertex -60.1111 31.1409 6.3
    endloop
  endfacet
  facet normal -0.500086 -0.865975 -0
    outer loop
      vertex -59.8846 31.0101 6.3
      vertex -60.1111 31.1409 2.4
      vertex -59.8846 31.0101 2.4
    endloop
  endfacet
  facet normal -0.442263 -0.896885 0
    outer loop
      vertex -59.8846 31.0101 2.4
      vertex -59.1807 30.663 6.3
      vertex -59.8846 31.0101 6.3
    endloop
  endfacet
  facet normal -0.442263 -0.896885 -0
    outer loop
      vertex -59.1807 30.663 6.3
      vertex -59.8846 31.0101 2.4
      vertex -59.1807 30.663 2.4
    endloop
  endfacet
  facet normal -0.382633 -0.9239 0
    outer loop
      vertex -59.1807 30.663 2.4
      vertex -58.939 30.5629 6.3
      vertex -59.1807 30.663 6.3
    endloop
  endfacet
  facet normal -0.382633 -0.9239 -0
    outer loop
      vertex -58.939 30.5629 6.3
      vertex -59.1807 30.663 2.4
      vertex -58.939 30.5629 2.4
    endloop
  endfacet
  facet normal -0.32146 -0.946923 0
    outer loop
      vertex -58.939 30.5629 2.4
      vertex -58.1958 30.3106 6.3
      vertex -58.939 30.5629 6.3
    endloop
  endfacet
  facet normal -0.32146 -0.946923 -0
    outer loop
      vertex -58.1958 30.3106 6.3
      vertex -58.939 30.5629 2.4
      vertex -58.1958 30.3106 2.4
    endloop
  endfacet
  facet normal -0.258781 -0.965936 0
    outer loop
      vertex -58.1958 30.3106 2.4
      vertex -57.9431 30.2429 6.3
      vertex -58.1958 30.3106 6.3
    endloop
  endfacet
  facet normal -0.258781 -0.965936 -0
    outer loop
      vertex -57.9431 30.2429 6.3
      vertex -58.1958 30.3106 2.4
      vertex -57.9431 30.2429 2.4
    endloop
  endfacet
  facet normal -0.195087 -0.980786 0
    outer loop
      vertex -57.9431 30.2429 2.4
      vertex -57.1734 30.0898 6.3
      vertex -57.9431 30.2429 6.3
    endloop
  endfacet
  facet normal -0.195087 -0.980786 -0
    outer loop
      vertex -57.1734 30.0898 6.3
      vertex -57.9431 30.2429 2.4
      vertex -57.1734 30.0898 2.4
    endloop
  endfacet
  facet normal -0.130712 -0.99142 0
    outer loop
      vertex -57.1734 30.0898 2.4
      vertex -56.914 30.0556 6.3
      vertex -57.1734 30.0898 6.3
    endloop
  endfacet
  facet normal -0.130712 -0.99142 -0
    outer loop
      vertex -56.914 30.0556 6.3
      vertex -57.1734 30.0898 2.4
      vertex -56.914 30.0556 2.4
    endloop
  endfacet
  facet normal -0.0653605 -0.997862 0
    outer loop
      vertex -56.914 30.0556 2.4
      vertex -56.1308 30.0043 6.3
      vertex -56.914 30.0556 6.3
    endloop
  endfacet
  facet normal -0.0653605 -0.997862 -0
    outer loop
      vertex -56.1308 30.0043 6.3
      vertex -56.914 30.0556 2.4
      vertex -56.1308 30.0043 2.4
    endloop
  endfacet
  facet normal -0.0328569 -0.99946 0
    outer loop
      vertex -56.1308 30.0043 2.4
      vertex -56 30 6.3
      vertex -56.1308 30.0043 6.3
    endloop
  endfacet
  facet normal -0.0328569 -0.99946 -0
    outer loop
      vertex -56 30 6.3
      vertex -56.1308 30.0043 2.4
      vertex -56 30 2.4
    endloop
  endfacet
  facet normal 0 -1 0
    outer loop
      vertex 51 30 2.4
      vertex 56 30 6.3
      vertex 51 30 6.3
    endloop
  endfacet
  facet normal 0 -1 -0
    outer loop
      vertex 56 30 6.3
      vertex 51 30 2.4
      vertex 56 30 2.4
    endloop
  endfacet
  facet normal 0 -1 0
    outer loop
      vertex -56 30 2.4
      vertex -51 30 6.3
      vertex -56 30 6.3
    endloop
  endfacet
  facet normal 0 -1 -0
    outer loop
      vertex -51 30 6.3
      vertex -56 30 2.4
      vertex -51 30 2.4
    endloop
  endfacet
  facet normal 0 -1 0
    outer loop
      vertex -49 30 2.4
      vertex -31 30 6.3
      vertex -49 30 6.3
    endloop
  endfacet
  facet normal 0 -1 -0
    outer loop
      vertex -31 30 6.3
      vertex -49 30 2.4
      vertex -31 30 2.4
    endloop
  endfacet
  facet normal 0 -1 0
    outer loop
      vertex -29 30 2.4
      vertex -11 30 6.3
      vertex -29 30 6.3
    endloop
  endfacet
  facet normal 0 -1 -0
    outer loop
      vertex -11 30 6.3
      vertex -29 30 2.4
      vertex -11 30 2.4
    endloop
  endfacet
  facet normal 0 -1 0
    outer loop
      vertex -9 30 2.4
      vertex 9 30 6.3
      vertex -9 30 6.3
    endloop
  endfacet
  facet normal 0 -1 -0
    outer loop
      vertex 9 30 6.3
      vertex -9 30 2.4
      vertex 9 30 2.4
    endloop
  endfacet
  facet normal 0 -1 0
    outer loop
      vertex 11 30 2.4
      vertex 29 30 6.3
      vertex 11 30 6.3
    endloop
  endfacet
  facet normal 0 -1 -0
    outer loop
      vertex 29 30 6.3
      vertex 11 30 2.4
      vertex 29 30 2.4
    endloop
  endfacet
  facet normal 0 -1 0
    outer loop
      vertex 31 30 2.4
      vertex 49 30 6.3
      vertex 31 30 6.3
    endloop
  endfacet
  facet normal 0 -1 -0
    outer loop
      vertex 49 30 6.3
      vertex 31 30 2.4
      vertex 49 30 2.4
    endloop
  endfacet
  facet normal 0.0328569 -0.99946 0
    outer loop
      vertex 56 30 2.4
      vertex 56.1308 30.0043 6.3
      vertex 56 30 6.3
    endloop
  endfacet
  facet normal 0.0328569 -0.99946 0
    outer loop
      vertex 56.1308 30.0043 6.3
      vertex 56 30 2.4
      vertex 56.1308 30.0043 2.4
    endloop
  endfacet
  facet normal 0.0653605 -0.997862 0
    outer loop
      vertex 56.1308 30.0043 2.4
      vertex 56.914 30.0556 6.3
      vertex 56.1308 30.0043 6.3
    endloop
  endfacet
  facet normal 0.0653605 -0.997862 0
    outer loop
      vertex 56.914 30.0556 6.3
      vertex 56.1308 30.0043 2.4
      vertex 56.914 30.0556 2.4
    endloop
  endfacet
  facet normal 0.130712 -0.99142 0
    outer loop
      vertex 56.914 30.0556 2.4
      vertex 57.1734 30.0898 6.3
      vertex 56.914 30.0556 6.3
    endloop
  endfacet
  facet normal 0.130712 -0.99142 0
    outer loop
      vertex 57.1734 30.0898 6.3
      vertex 56.914 30.0556 2.4
      vertex 57.1734 30.0898 2.4
    endloop
  endfacet
  facet normal 0.195087 -0.980786 0
    outer loop
      vertex 57.1734 30.0898 2.4
      vertex 57.9431 30.2429 6.3
      vertex 57.1734 30.0898 6.3
    endloop
  endfacet
  facet normal 0.195087 -0.980786 0
    outer loop
      vertex 57.9431 30.2429 6.3
      vertex 57.1734 30.0898 2.4
      vertex 57.9431 30.2429 2.4
    endloop
  endfacet
  facet normal 0.258781 -0.965936 0
    outer loop
      vertex 57.9431 30.2429 2.4
      vertex 58.1958 30.3106 6.3
      vertex 57.9431 30.2429 6.3
    endloop
  endfacet
  facet normal 0.258781 -0.965936 0
    outer loop
      vertex 58.1958 30.3106 6.3
      vertex 57.9431 30.2429 2.4
      vertex 58.1958 30.3106 2.4
    endloop
  endfacet
  facet normal 0.32146 -0.946923 0
    outer loop
      vertex 58.1958 30.3106 2.4
      vertex 58.939 30.5629 6.3
      vertex 58.1958 30.3106 6.3
    endloop
  endfacet
  facet normal 0.32146 -0.946923 0
    outer loop
      vertex 58.939 30.5629 6.3
      vertex 58.1958 30.3106 2.4
      vertex 58.939 30.5629 2.4
    endloop
  endfacet
  facet normal 0.382633 -0.9239 0
    outer loop
      vertex 58.939 30.5629 2.4
      vertex 59.1807 30.663 6.3
      vertex 58.939 30.5629 6.3
    endloop
  endfacet
  facet normal 0.382633 -0.9239 0
    outer loop
      vertex 59.1807 30.663 6.3
      vertex 58.939 30.5629 2.4
      vertex 59.1807 30.663 2.4
    endloop
  endfacet
  facet normal 0.442263 -0.896885 0
    outer loop
      vertex 59.1807 30.663 2.4
      vertex 59.8846 31.0101 6.3
      vertex 59.1807 30.663 6.3
    endloop
  endfacet
  facet normal 0.442263 -0.896885 0
    outer loop
      vertex 59.8846 31.0101 6.3
      vertex 59.1807 30.663 2.4
      vertex 59.8846 31.0101 2.4
    endloop
  endfacet
  facet normal 0.500086 -0.865975 0
    outer loop
      vertex 59.8846 31.0101 2.4
      vertex 60.1111 31.1409 6.3
      vertex 59.8846 31.0101 6.3
    endloop
  endfacet
  facet normal 0.500086 -0.865975 0
    outer loop
      vertex 60.1111 31.1409 6.3
      vertex 59.8846 31.0101 2.4
      vertex 60.1111 31.1409 2.4
    endloop
  endfacet
  facet normal 0.555611 -0.831442 0
    outer loop
      vertex 60.1111 31.1409 2.4
      vertex 60.7637 31.577 6.3
      vertex 60.1111 31.1409 6.3
    endloop
  endfacet
  facet normal 0.555611 -0.831442 0
    outer loop
      vertex 60.7637 31.577 6.3
      vertex 60.1111 31.1409 2.4
      vertex 60.7637 31.577 2.4
    endloop
  endfacet
  facet normal 0.608528 -0.793533 0
    outer loop
      vertex 60.7637 31.577 2.4
      vertex 60.9713 31.7362 6.3
      vertex 60.7637 31.577 6.3
    endloop
  endfacet
  facet normal 0.608528 -0.793533 0
    outer loop
      vertex 60.9713 31.7362 6.3
      vertex 60.7637 31.577 2.4
      vertex 60.9713 31.7362 2.4
    endloop
  endfacet
  facet normal 0.659406 -0.751787 0
    outer loop
      vertex 60.9713 31.7362 2.4
      vertex 61.5613 32.2537 6.3
      vertex 60.9713 31.7362 6.3
    endloop
  endfacet
  facet normal 0.659406 -0.751787 0
    outer loop
      vertex 61.5613 32.2537 6.3
      vertex 60.9713 31.7362 2.4
      vertex 61.5613 32.2537 2.4
    endloop
  endfacet
  facet normal 0.707107 -0.707107 0
    outer loop
      vertex 61.5613 32.2537 6.3
      vertex 61.7463 32.4387 2.4
      vertex 61.7463 32.4387 6.3
    endloop
  endfacet
  facet normal 0.707107 -0.707107 0
    outer loop
      vertex 61.7463 32.4387 2.4
      vertex 61.5613 32.2537 6.3
      vertex 61.5613 32.2537 2.4
    endloop
  endfacet
  facet normal 0.751787 -0.659406 0
    outer loop
      vertex 61.7463 32.4387 6.3
      vertex 62.2638 33.0287 2.4
      vertex 62.2638 33.0287 6.3
    endloop
  endfacet
  facet normal 0.751787 -0.659406 0
    outer loop
      vertex 62.2638 33.0287 2.4
      vertex 61.7463 32.4387 6.3
      vertex 61.7463 32.4387 2.4
    endloop
  endfacet
  facet normal 0.793533 -0.608528 0
    outer loop
      vertex 62.2638 33.0287 6.3
      vertex 62.423 33.2363 2.4
      vertex 62.423 33.2363 6.3
    endloop
  endfacet
  facet normal 0.793533 -0.608528 0
    outer loop
      vertex 62.423 33.2363 2.4
      vertex 62.2638 33.0287 6.3
      vertex 62.2638 33.0287 2.4
    endloop
  endfacet
  facet normal 0.831442 -0.555611 0
    outer loop
      vertex 62.423 33.2363 6.3
      vertex 62.8591 33.8889 2.4
      vertex 62.8591 33.8889 6.3
    endloop
  endfacet
  facet normal 0.831442 -0.555611 0
    outer loop
      vertex 62.8591 33.8889 2.4
      vertex 62.423 33.2363 6.3
      vertex 62.423 33.2363 2.4
    endloop
  endfacet
  facet normal 0.865975 -0.500086 0
    outer loop
      vertex 62.8591 33.8889 6.3
      vertex 62.9899 34.1154 2.4
      vertex 62.9899 34.1154 6.3
    endloop
  endfacet
  facet normal 0.865975 -0.500086 0
    outer loop
      vertex 62.9899 34.1154 2.4
      vertex 62.8591 33.8889 6.3
      vertex 62.8591 33.8889 2.4
    endloop
  endfacet
  facet normal 0.896885 -0.442263 0
    outer loop
      vertex 62.9899 34.1154 6.3
      vertex 63.337 34.8193 2.4
      vertex 63.337 34.8193 6.3
    endloop
  endfacet
  facet normal 0.896885 -0.442263 0
    outer loop
      vertex 63.337 34.8193 2.4
      vertex 62.9899 34.1154 6.3
      vertex 62.9899 34.1154 2.4
    endloop
  endfacet
  facet normal 0.9239 -0.382633 0
    outer loop
      vertex 63.337 34.8193 6.3
      vertex 63.4371 35.061 2.4
      vertex 63.4371 35.061 6.3
    endloop
  endfacet
  facet normal 0.9239 -0.382633 0
    outer loop
      vertex 63.4371 35.061 2.4
      vertex 63.337 34.8193 6.3
      vertex 63.337 34.8193 2.4
    endloop
  endfacet
  facet normal 0.946923 -0.32146 0
    outer loop
      vertex 63.4371 35.061 6.3
      vertex 63.6894 35.8042 2.4
      vertex 63.6894 35.8042 6.3
    endloop
  endfacet
  facet normal 0.946923 -0.32146 0
    outer loop
      vertex 63.6894 35.8042 2.4
      vertex 63.4371 35.061 6.3
      vertex 63.4371 35.061 2.4
    endloop
  endfacet
  facet normal 0.965936 -0.258781 0
    outer loop
      vertex 63.6894 35.8042 6.3
      vertex 63.7571 36.0569 2.4
      vertex 63.7571 36.0569 6.3
    endloop
  endfacet
  facet normal 0.965936 -0.258781 0
    outer loop
      vertex 63.7571 36.0569 2.4
      vertex 63.6894 35.8042 6.3
      vertex 63.6894 35.8042 2.4
    endloop
  endfacet
  facet normal 0.980786 -0.195087 0
    outer loop
      vertex 63.7571 36.0569 6.3
      vertex 63.9102 36.8266 2.4
      vertex 63.9102 36.8266 6.3
    endloop
  endfacet
  facet normal 0.980786 -0.195087 0
    outer loop
      vertex 63.9102 36.8266 2.4
      vertex 63.7571 36.0569 6.3
      vertex 63.7571 36.0569 2.4
    endloop
  endfacet
  facet normal 0.99142 -0.130712 0
    outer loop
      vertex 63.9102 36.8266 6.3
      vertex 63.9444 37.086 2.4
      vertex 63.9444 37.086 6.3
    endloop
  endfacet
  facet normal 0.99142 -0.130712 0
    outer loop
      vertex 63.9444 37.086 2.4
      vertex 63.9102 36.8266 6.3
      vertex 63.9102 36.8266 2.4
    endloop
  endfacet
  facet normal 0.997862 -0.0653605 0
    outer loop
      vertex 63.9444 37.086 6.3
      vertex 63.9957 37.8692 2.4
      vertex 63.9957 37.8692 6.3
    endloop
  endfacet
  facet normal 0.997862 -0.0653605 0
    outer loop
      vertex 63.9957 37.8692 2.4
      vertex 63.9444 37.086 6.3
      vertex 63.9444 37.086 2.4
    endloop
  endfacet
  facet normal 0.99946 -0.0328569 0
    outer loop
      vertex 63.9957 37.8692 6.3
      vertex 64 38 2.4
      vertex 64 38 6.3
    endloop
  endfacet
  facet normal 0.99946 -0.0328569 0
    outer loop
      vertex 64 38 2.4
      vertex 63.9957 37.8692 6.3
      vertex 63.9957 37.8692 2.4
    endloop
  endfacet
  facet normal 1 -0 0
    outer loop
      vertex 64 61 6.3
      vertex 64 73 2.4
      vertex 64 73 6.3
    endloop
  endfacet
  facet normal 1 0 0
    outer loop
      vertex 64 73 2.4
      vertex 64 61 6.3
      vertex 64 61 2.4
    endloop
  endfacet
  facet normal 1 -0 0
    outer loop
      vertex 64 38 6.3
      vertex 64 39 2.4
      vertex 64 39 6.3
    endloop
  endfacet
  facet normal 1 0 0
    outer loop
      vertex 64 39 2.4
      vertex 64 38 6.3
      vertex 64 38 2.4
    endloop
  endfacet
  facet normal 1 -0 0
    outer loop
      vertex 64 41 6.3
      vertex 64 59 2.4
      vertex 64 59 6.3
    endloop
  endfacet
  facet normal 1 0 0
    outer loop
      vertex 64 59 2.4
      vertex 64 41 6.3
      vertex 64 41 2.4
    endloop
  endfacet
  facet normal 0 -1 0
    outer loop
      vertex 64 73 2.4
      vertex 69 73 6.3
      vertex 64 73 6.3
    endloop
  endfacet
  facet normal 0 -1 -0
    outer loop
      vertex 69 73 6.3
      vertex 64 73 2.4
      vertex 69 73 2.4
    endloop
  endfacet
  facet normal 0 -1 0
    outer loop
      vertex 71 73 2.4
      vertex 83.9346 73 6.3
      vertex 71 73 6.3
    endloop
  endfacet
  facet normal 0 -1 -0
    outer loop
      vertex 83.9346 73 6.3
      vertex 71 73 2.4
      vertex 83.9346 73 2.4
    endloop
  endfacet
  facet normal -0.0654582 -0.997855 0
    outer loop
      vertex 83.9346 73 2.4
      vertex 84.5215 72.9615 6.3
      vertex 83.9346 73 6.3
    endloop
  endfacet
  facet normal -0.0654582 -0.997855 -0
    outer loop
      vertex 84.5215 72.9615 6.3
      vertex 83.9346 73 2.4
      vertex 84.5215 72.9615 2.4
    endloop
  endfacet
  facet normal -0.194939 -0.980815 0
    outer loop
      vertex 84.5215 72.9615 2.4
      vertex 85.0342 72.8596 6.3
      vertex 84.5215 72.9615 6.3
    endloop
  endfacet
  facet normal -0.194939 -0.980815 -0
    outer loop
      vertex 85.0342 72.8596 6.3
      vertex 84.5215 72.9615 2.4
      vertex 85.0342 72.8596 2.4
    endloop
  endfacet
  facet normal -0.321446 -0.946928 0
    outer loop
      vertex 85.0342 72.8596 2.4
      vertex 85.5291 72.6916 6.3
      vertex 85.0342 72.8596 6.3
    endloop
  endfacet
  facet normal -0.321446 -0.946928 -0
    outer loop
      vertex 85.5291 72.6916 6.3
      vertex 85.0342 72.8596 2.4
      vertex 85.5291 72.6916 2.4
    endloop
  endfacet
  facet normal -0.442385 -0.896825 0
    outer loop
      vertex 85.5291 72.6916 2.4
      vertex 85.9978 72.4604 6.3
      vertex 85.5291 72.6916 6.3
    endloop
  endfacet
  facet normal -0.442385 -0.896825 -0
    outer loop
      vertex 85.9978 72.4604 6.3
      vertex 85.5291 72.6916 2.4
      vertex 85.9978 72.4604 2.4
    endloop
  endfacet
  facet normal -0.555583 -0.831461 0
    outer loop
      vertex 85.9978 72.4604 2.4
      vertex 86.4324 72.17 6.3
      vertex 85.9978 72.4604 6.3
    endloop
  endfacet
  facet normal -0.555583 -0.831461 -0
    outer loop
      vertex 86.4324 72.17 6.3
      vertex 85.9978 72.4604 2.4
      vertex 86.4324 72.17 2.4
    endloop
  endfacet
  facet normal -0.65929 -0.751889 0
    outer loop
      vertex 86.4324 72.17 2.4
      vertex 86.8254 71.8254 6.3
      vertex 86.4324 72.17 6.3
    endloop
  endfacet
  facet normal -0.65929 -0.751889 -0
    outer loop
      vertex 86.8254 71.8254 6.3
      vertex 86.4324 72.17 2.4
      vertex 86.8254 71.8254 2.4
    endloop
  endfacet
  facet normal -0.751889 -0.65929 0
    outer loop
      vertex 87.17 71.4324 2.4
      vertex 86.8254 71.8254 6.3
      vertex 86.8254 71.8254 2.4
    endloop
  endfacet
  facet normal -0.751889 -0.65929 0
    outer loop
      vertex 86.8254 71.8254 6.3
      vertex 87.17 71.4324 2.4
      vertex 87.17 71.4324 6.3
    endloop
  endfacet
  facet normal -0.831461 -0.555583 0
    outer loop
      vertex 87.4604 70.9978 2.4
      vertex 87.17 71.4324 6.3
      vertex 87.17 71.4324 2.4
    endloop
  endfacet
  facet normal -0.831461 -0.555583 0
    outer loop
      vertex 87.17 71.4324 6.3
      vertex 87.4604 70.9978 2.4
      vertex 87.4604 70.9978 6.3
    endloop
  endfacet
  facet normal -0.896825 -0.442385 0
    outer loop
      vertex 87.6916 70.5291 2.4
      vertex 87.4604 70.9978 6.3
      vertex 87.4604 70.9978 2.4
    endloop
  endfacet
  facet normal -0.896825 -0.442385 0
    outer loop
      vertex 87.4604 70.9978 6.3
      vertex 87.6916 70.5291 2.4
      vertex 87.6916 70.5291 6.3
    endloop
  endfacet
  facet normal -0.946928 -0.321446 0
    outer loop
      vertex 87.8596 70.0342 2.4
      vertex 87.6916 70.5291 6.3
      vertex 87.6916 70.5291 2.4
    endloop
  endfacet
  facet normal -0.946928 -0.321446 0
    outer loop
      vertex 87.6916 70.5291 6.3
      vertex 87.8596 70.0342 2.4
      vertex 87.8596 70.0342 6.3
    endloop
  endfacet
  facet normal -0.980815 -0.194939 0
    outer loop
      vertex 87.9615 69.5215 2.4
      vertex 87.8596 70.0342 6.3
      vertex 87.8596 70.0342 2.4
    endloop
  endfacet
  facet normal -0.980815 -0.194939 0
    outer loop
      vertex 87.8596 70.0342 6.3
      vertex 87.9615 69.5215 2.4
      vertex 87.9615 69.5215 6.3
    endloop
  endfacet
  facet normal -0.997855 -0.0654582 0
    outer loop
      vertex 88 68.9346 2.4
      vertex 87.9615 69.5215 6.3
      vertex 87.9615 69.5215 2.4
    endloop
  endfacet
  facet normal -0.997855 -0.0654582 0
    outer loop
      vertex 87.9615 69.5215 6.3
      vertex 88 68.9346 2.4
      vertex 88 68.9346 6.3
    endloop
  endfacet
  facet normal -1 0 0
    outer loop
      vertex 88 6.06538 2.4
      vertex 88 19 6.3
      vertex 88 19 2.4
    endloop
  endfacet
  facet normal -1 -0 0
    outer loop
      vertex 88 19 6.3
      vertex 88 6.06538 2.4
      vertex 88 6.06538 6.3
    endloop
  endfacet
  facet normal -1 0 0
    outer loop
      vertex 88 61 2.4
      vertex 88 68.9346 6.3
      vertex 88 68.9346 2.4
    endloop
  endfacet
  facet normal -1 -0 0
    outer loop
      vertex 88 68.9346 6.3
      vertex 88 61 2.4
      vertex 88 61 6.3
    endloop
  endfacet
  facet normal -1 0 0
    outer loop
      vertex 88 41 2.4
      vertex 88 59 6.3
      vertex 88 59 2.4
    endloop
  endfacet
  facet normal -1 -0 0
    outer loop
      vertex 88 59 6.3
      vertex 88 41 2.4
      vertex 88 41 6.3
    endloop
  endfacet
  facet normal -1 0 0
    outer loop
      vertex 88 21 2.4
      vertex 88 39 6.3
      vertex 88 39 2.4
    endloop
  endfacet
  facet normal -1 -0 0
    outer loop
      vertex 88 39 6.3
      vertex 88 21 2.4
      vertex 88 21 6.3
    endloop
  endfacet
  facet normal -0.997855 0.0654593 0
    outer loop
      vertex 87.9615 5.47849 2.4
      vertex 88 6.06538 6.3
      vertex 88 6.06538 2.4
    endloop
  endfacet
  facet normal -0.997855 0.0654593 0
    outer loop
      vertex 88 6.06538 6.3
      vertex 87.9615 5.47849 2.4
      vertex 87.9615 5.47849 6.3
    endloop
  endfacet
  facet normal -0.980812 0.194957 0
    outer loop
      vertex 87.8596 4.96584 2.4
      vertex 87.9615 5.47849 6.3
      vertex 87.9615 5.47849 2.4
    endloop
  endfacet
  facet normal -0.980812 0.194957 0
    outer loop
      vertex 87.9615 5.47849 6.3
      vertex 87.8596 4.96584 2.4
      vertex 87.8596 4.96584 6.3
    endloop
  endfacet
  facet normal -0.946932 0.321435 0
    outer loop
      vertex 87.6916 4.47092 2.4
      vertex 87.8596 4.96584 6.3
      vertex 87.8596 4.96584 2.4
    endloop
  endfacet
  facet normal -0.946932 0.321435 0
    outer loop
      vertex 87.8596 4.96584 6.3
      vertex 87.6916 4.47092 2.4
      vertex 87.6916 4.47092 6.3
    endloop
  endfacet
  facet normal -0.896851 0.442332 0
    outer loop
      vertex 87.4604 4.00215 2.4
      vertex 87.6916 4.47092 6.3
      vertex 87.6916 4.47092 2.4
    endloop
  endfacet
  facet normal -0.896851 0.442332 0
    outer loop
      vertex 87.6916 4.47092 6.3
      vertex 87.4604 4.00215 2.4
      vertex 87.4604 4.00215 6.3
    endloop
  endfacet
  facet normal -0.831443 0.555609 0
    outer loop
      vertex 87.17 3.56758 2.4
      vertex 87.4604 4.00215 6.3
      vertex 87.4604 4.00215 2.4
    endloop
  endfacet
  facet normal -0.831443 0.555609 0
    outer loop
      vertex 87.4604 4.00215 6.3
      vertex 87.17 3.56758 2.4
      vertex 87.17 3.56758 6.3
    endloop
  endfacet
  facet normal -0.751864 0.659318 0
    outer loop
      vertex 86.8254 3.17461 2.4
      vertex 87.17 3.56758 6.3
      vertex 87.17 3.56758 2.4
    endloop
  endfacet
  facet normal -0.751864 0.659318 0
    outer loop
      vertex 87.17 3.56758 6.3
      vertex 86.8254 3.17461 2.4
      vertex 86.8254 3.17461 6.3
    endloop
  endfacet
  facet normal -0.659333 0.751851 0
    outer loop
      vertex 86.8254 3.17461 2.4
      vertex 86.4324 2.82997 6.3
      vertex 86.8254 3.17461 6.3
    endloop
  endfacet
  facet normal -0.659333 0.751851 0
    outer loop
      vertex 86.4324 2.82997 6.3
      vertex 86.8254 3.17461 2.4
      vertex 86.4324 2.82997 2.4
    endloop
  endfacet
  facet normal -0.55553 0.831497 0
    outer loop
      vertex 86.4324 2.82997 2.4
      vertex 85.9978 2.53961 6.3
      vertex 86.4324 2.82997 6.3
    endloop
  endfacet
  facet normal -0.55553 0.831497 0
    outer loop
      vertex 85.9978 2.53961 6.3
      vertex 86.4324 2.82997 2.4
      vertex 85.9978 2.53961 2.4
    endloop
  endfacet
  facet normal -0.442339 0.896848 0
    outer loop
      vertex 85.9978 2.53961 2.4
      vertex 85.5291 2.30844 6.3
      vertex 85.9978 2.53961 6.3
    endloop
  endfacet
  facet normal -0.442339 0.896848 0
    outer loop
      vertex 85.5291 2.30844 6.3
      vertex 85.9978 2.53961 2.4
      vertex 85.5291 2.30844 2.4
    endloop
  endfacet
  facet normal -0.321446 0.946928 0
    outer loop
      vertex 85.5291 2.30844 2.4
      vertex 85.0342 2.14044 6.3
      vertex 85.5291 2.30844 6.3
    endloop
  endfacet
  facet normal -0.321446 0.946928 0
    outer loop
      vertex 85.0342 2.14044 6.3
      vertex 85.5291 2.30844 2.4
      vertex 85.0342 2.14044 2.4
    endloop
  endfacet
  facet normal -0.195068 0.98079 0
    outer loop
      vertex 85.0342 2.14044 2.4
      vertex 84.5215 2.03847 6.3
      vertex 85.0342 2.14044 6.3
    endloop
  endfacet
  facet normal -0.195068 0.98079 0
    outer loop
      vertex 84.5215 2.03847 6.3
      vertex 85.0342 2.14044 2.4
      vertex 84.5215 2.03847 2.4
    endloop
  endfacet
  facet normal -0.0654074 0.997859 0
    outer loop
      vertex 84.5215 2.03847 2.4
      vertex 83.9346 2 6.3
      vertex 84.5215 2.03847 6.3
    endloop
  endfacet
  facet normal -0.0654074 0.997859 0
    outer loop
      vertex 83.9346 2 6.3
      vertex 84.5215 2.03847 2.4
      vertex 83.9346 2 2.4
    endloop
  endfacet
  facet normal 0 1 -0
    outer loop
      vertex -71.5 2 2.4
      vertex -83.9346 2 6.3
      vertex -71.5 2 6.3
    endloop
  endfacet
  facet normal 0 1 0
    outer loop
      vertex -83.9346 2 6.3
      vertex -71.5 2 2.4
      vertex -83.9346 2 2.4
    endloop
  endfacet
  facet normal 0 1 -0
    outer loop
      vertex 83.9346 2 2.4
      vertex 71.5 2 6.3
      vertex 83.9346 2 6.3
    endloop
  endfacet
  facet normal 0 1 0
    outer loop
      vertex 71.5 2 6.3
      vertex 83.9346 2 2.4
      vertex 71.5 2 2.4
    endloop
  endfacet
  facet normal 0 1 -0
    outer loop
      vertex -31 2 2.4
      vertex -48.5 2 6.3
      vertex -31 2 6.3
    endloop
  endfacet
  facet normal 0 1 0
    outer loop
      vertex -48.5 2 6.3
      vertex -31 2 2.4
      vertex -48.5 2 2.4
    endloop
  endfacet
  facet normal 0 1 -0
    outer loop
      vertex -11 2 2.4
      vertex -29 2 6.3
      vertex -11 2 6.3
    endloop
  endfacet
  facet normal 0 1 0
    outer loop
      vertex -29 2 6.3
      vertex -11 2 2.4
      vertex -29 2 2.4
    endloop
  endfacet
  facet normal 0 1 -0
    outer loop
      vertex 9 2 2.4
      vertex -9 2 6.3
      vertex 9 2 6.3
    endloop
  endfacet
  facet normal 0 1 0
    outer loop
      vertex -9 2 6.3
      vertex 9 2 2.4
      vertex -9 2 2.4
    endloop
  endfacet
  facet normal 0 1 -0
    outer loop
      vertex 29 2 2.4
      vertex 11 2 6.3
      vertex 29 2 6.3
    endloop
  endfacet
  facet normal 0 1 0
    outer loop
      vertex 11 2 6.3
      vertex 29 2 2.4
      vertex 11 2 2.4
    endloop
  endfacet
  facet normal 0 1 -0
    outer loop
      vertex 48.5 2 2.4
      vertex 31 2 6.3
      vertex 48.5 2 6.3
    endloop
  endfacet
  facet normal 0 1 0
    outer loop
      vertex 31 2 6.3
      vertex 48.5 2 2.4
      vertex 31 2 2.4
    endloop
  endfacet
  facet normal -1 0 0
    outer loop
      vertex -69.35 -7 0.15
      vertex -69.35 0 6.15
      vertex -69.35 0 0.15
    endloop
  endfacet
  facet normal -1 -0 0
    outer loop
      vertex -69.35 0 6.15
      vertex -69.35 -7 0.15
      vertex -69.35 -7 6.15
    endloop
  endfacet
  facet normal 0 -0.707107 -0.707107
    outer loop
      vertex -69.35 -7 0.15
      vertex -51.65 -8 1.15
      vertex -68.35 -8 1.15
    endloop
  endfacet
  facet normal 0 -0.707107 -0.707107
    outer loop
      vertex -51.65 -8 1.15
      vertex -69.35 -7 0.15
      vertex -50.65 -7 0.15
    endloop
  endfacet
  facet normal -0 0 1
    outer loop
      vertex -69.35 0 6.15
      vertex -50.65 -7 6.15
      vertex -50.65 0 6.15
    endloop
  endfacet
  facet normal 0 0 1
    outer loop
      vertex -50.65 -7 6.15
      vertex -69.35 0 6.15
      vertex -69.35 -7 6.15
    endloop
  endfacet
  facet normal 1 -0 0
    outer loop
      vertex -50.65 -7 6.15
      vertex -50.65 0 0.15
      vertex -50.65 0 6.15
    endloop
  endfacet
  facet normal 1 0 0
    outer loop
      vertex -50.65 0 0.15
      vertex -50.65 -7 6.15
      vertex -50.65 -7 0.15
    endloop
  endfacet
  facet normal 0 -0.707107 0.707107
    outer loop
      vertex -68.35 -8 5.15
      vertex -50.65 -7 6.15
      vertex -69.35 -7 6.15
    endloop
  endfacet
  facet normal 0 -0.707107 0.707107
    outer loop
      vertex -50.65 -7 6.15
      vertex -68.35 -8 5.15
      vertex -51.65 -8 5.15
    endloop
  endfacet
  facet normal 0 0 -1
    outer loop
      vertex -69.35 -7 0.15
      vertex -50.65 0 0.15
      vertex -50.65 -7 0.15
    endloop
  endfacet
  facet normal -0 0 -1
    outer loop
      vertex -50.65 0 0.15
      vertex -69.35 -7 0.15
      vertex -69.35 0 0.15
    endloop
  endfacet
  facet normal 0 -1 0
    outer loop
      vertex -68.35 -8 1.15
      vertex -51.65 -8 5.15
      vertex -68.35 -8 5.15
    endloop
  endfacet
  facet normal 0 -1 -0
    outer loop
      vertex -51.65 -8 5.15
      vertex -68.35 -8 1.15
      vertex -51.65 -8 1.15
    endloop
  endfacet
  facet normal 0.707107 -0.707107 0
    outer loop
      vertex -51.65 -8 5.15
      vertex -50.65 -7 0.15
      vertex -50.65 -7 6.15
    endloop
  endfacet
  facet normal 0.707107 -0.707107 0
    outer loop
      vertex -50.65 -7 0.15
      vertex -51.65 -8 5.15
      vertex -51.65 -8 1.15
    endloop
  endfacet
  facet normal -0.707107 -0.707107 0
    outer loop
      vertex -68.35 -8 1.15
      vertex -69.35 -7 6.15
      vertex -69.35 -7 0.15
    endloop
  endfacet
  facet normal -0.707107 -0.707107 0
    outer loop
      vertex -69.35 -7 6.15
      vertex -68.35 -8 1.15
      vertex -68.35 -8 5.15
    endloop
  endfacet
  facet normal -1 0 0
    outer loop
      vertex 50.65 -7 0.15
      vertex 50.65 0 6.15
      vertex 50.65 0 0.15
    endloop
  endfacet
  facet normal -1 -0 0
    outer loop
      vertex 50.65 0 6.15
      vertex 50.65 -7 0.15
      vertex 50.65 -7 6.15
    endloop
  endfacet
  facet normal 0 -0.707107 -0.707107
    outer loop
      vertex 50.65 -7 0.15
      vertex 68.35 -8 1.15
      vertex 51.65 -8 1.15
    endloop
  endfacet
  facet normal 0 -0.707107 -0.707107
    outer loop
      vertex 68.35 -8 1.15
      vertex 50.65 -7 0.15
      vertex 69.35 -7 0.15
    endloop
  endfacet
  facet normal -0 0 1
    outer loop
      vertex 50.65 0 6.15
      vertex 69.35 -7 6.15
      vertex 69.35 0 6.15
    endloop
  endfacet
  facet normal 0 0 1
    outer loop
      vertex 69.35 -7 6.15
      vertex 50.65 0 6.15
      vertex 50.65 -7 6.15
    endloop
  endfacet
  facet normal 1 -0 0
    outer loop
      vertex 69.35 -7 6.15
      vertex 69.35 0 0.15
      vertex 69.35 0 6.15
    endloop
  endfacet
  facet normal 1 0 0
    outer loop
      vertex 69.35 0 0.15
      vertex 69.35 -7 6.15
      vertex 69.35 -7 0.15
    endloop
  endfacet
  facet normal 0 -0.707107 0.707107
    outer loop
      vertex 51.65 -8 5.15
      vertex 69.35 -7 6.15
      vertex 50.65 -7 6.15
    endloop
  endfacet
  facet normal 0 -0.707107 0.707107
    outer loop
      vertex 69.35 -7 6.15
      vertex 51.65 -8 5.15
      vertex 68.35 -8 5.15
    endloop
  endfacet
  facet normal 0 0 -1
    outer loop
      vertex 50.65 -7 0.15
      vertex 69.35 0 0.15
      vertex 69.35 -7 0.15
    endloop
  endfacet
  facet normal -0 0 -1
    outer loop
      vertex 69.35 0 0.15
      vertex 50.65 -7 0.15
      vertex 50.65 0 0.15
    endloop
  endfacet
  facet normal 0 -1 0
    outer loop
      vertex 51.65 -8 1.15
      vertex 68.35 -8 5.15
      vertex 51.65 -8 5.15
    endloop
  endfacet
  facet normal 0 -1 -0
    outer loop
      vertex 68.35 -8 5.15
      vertex 51.65 -8 1.15
      vertex 68.35 -8 1.15
    endloop
  endfacet
  facet normal 0.707107 -0.707107 0
    outer loop
      vertex 68.35 -8 5.15
      vertex 69.35 -7 0.15
      vertex 69.35 -7 6.15
    endloop
  endfacet
  facet normal 0.707107 -0.707107 0
    outer loop
      vertex 69.35 -7 0.15
      vertex 68.35 -8 5.15
      vertex 68.35 -8 1.15
    endloop
  endfacet
  facet normal -0.707107 -0.707107 0
    outer loop
      vertex 51.65 -8 1.15
      vertex 50.65 -7 6.15
      vertex 50.65 -7 0.15
    endloop
  endfacet
  facet normal -0.707107 -0.707107 0
    outer loop
      vertex 50.65 -7 6.15
      vertex 51.65 -8 1.15
      vertex 51.65 -8 5.15
    endloop
  endfacet
  facet normal 0 0 1
    outer loop
      vertex -71 19 2.4
      vertex -71.5 10 2.4
      vertex -71 10 2.4
    endloop
  endfacet
  facet normal 0 0 1
    outer loop
      vertex -71.5 10 2.4
      vertex -83.9346 2 2.4
      vertex -71.5 2 2.4
    endloop
  endfacet
  facet normal -0 0 1
    outer loop
      vertex -88 19 2.4
      vertex -71.5 10 2.4
      vertex -71 19 2.4
    endloop
  endfacet
  facet normal 0 0 1
    outer loop
      vertex -71.5 10 2.4
      vertex -88 6.06538 2.4
      vertex -83.9346 2 2.4
    endloop
  endfacet
  facet normal 0 0 1
    outer loop
      vertex -83.9346 2 2.4
      vertex -88 6.06538 2.4
      vertex -84.5215 2.03847 2.4
    endloop
  endfacet
  facet normal 0 0 1
    outer loop
      vertex -84.5215 2.03847 2.4
      vertex -88 6.06538 2.4
      vertex -85.0342 2.14044 2.4
    endloop
  endfacet
  facet normal 0 0 1
    outer loop
      vertex -85.0342 2.14044 2.4
      vertex -88 6.06538 2.4
      vertex -85.5291 2.30844 2.4
    endloop
  endfacet
  facet normal 0 0 1
    outer loop
      vertex -85.5291 2.30844 2.4
      vertex -88 6.06538 2.4
      vertex -85.9978 2.53961 2.4
    endloop
  endfacet
  facet normal 0 0 1
    outer loop
      vertex -85.9978 2.53961 2.4
      vertex -88 6.06538 2.4
      vertex -86.4324 2.82997 2.4
    endloop
  endfacet
  facet normal 0 0 1
    outer loop
      vertex -86.4324 2.82997 2.4
      vertex -88 6.06538 2.4
      vertex -86.8254 3.17461 2.4
    endloop
  endfacet
  facet normal 0 0 1
    outer loop
      vertex -86.8254 3.17461 2.4
      vertex -88 6.06538 2.4
      vertex -87.17 3.56758 2.4
    endloop
  endfacet
  facet normal 0 0 1
    outer loop
      vertex -87.17 3.56758 2.4
      vertex -88 6.06538 2.4
      vertex -87.4604 4.00215 2.4
    endloop
  endfacet
  facet normal 0 0 1
    outer loop
      vertex -87.4604 4.00215 2.4
      vertex -88 6.06538 2.4
      vertex -87.6916 4.47092 2.4
    endloop
  endfacet
  facet normal 0 0 1
    outer loop
      vertex -87.6916 4.47092 2.4
      vertex -88 6.06538 2.4
      vertex -87.8596 4.96584 2.4
    endloop
  endfacet
  facet normal 0 0 1
    outer loop
      vertex -71.5 10 2.4
      vertex -88 19 2.4
      vertex -88 6.06538 2.4
    endloop
  endfacet
  facet normal 0 0 1
    outer loop
      vertex -87.8596 4.96584 2.4
      vertex -88 6.06538 2.4
      vertex -87.9615 5.47849 2.4
    endloop
  endfacet
  facet normal -0 0 1
    outer loop
      vertex -83.9346 73 2.4
      vertex -71 61 2.4
      vertex -71 73 2.4
    endloop
  endfacet
  facet normal 0 0 1
    outer loop
      vertex -88 68.9346 2.4
      vertex -83.9346 73 2.4
      vertex -84.5215 72.9615 2.4
    endloop
  endfacet
  facet normal 0 0 1
    outer loop
      vertex -88 68.9346 2.4
      vertex -84.5215 72.9615 2.4
      vertex -85.0342 72.8596 2.4
    endloop
  endfacet
  facet normal 0 0 1
    outer loop
      vertex -88 68.9346 2.4
      vertex -85.0342 72.8596 2.4
      vertex -85.5291 72.6916 2.4
    endloop
  endfacet
  facet normal 0 0 1
    outer loop
      vertex -88 68.9346 2.4
      vertex -85.5291 72.6916 2.4
      vertex -85.9978 72.4604 2.4
    endloop
  endfacet
  facet normal 0 0 1
    outer loop
      vertex -88 68.9346 2.4
      vertex -85.9978 72.4604 2.4
      vertex -86.4324 72.17 2.4
    endloop
  endfacet
  facet normal 0 0 1
    outer loop
      vertex -88 68.9346 2.4
      vertex -86.4324 72.17 2.4
      vertex -86.8254 71.8254 2.4
    endloop
  endfacet
  facet normal 0 0 1
    outer loop
      vertex -88 68.9346 2.4
      vertex -86.8254 71.8254 2.4
      vertex -87.17 71.4324 2.4
    endloop
  endfacet
  facet normal 0 0 1
    outer loop
      vertex -88 68.9346 2.4
      vertex -87.17 71.4324 2.4
      vertex -87.4604 70.9978 2.4
    endloop
  endfacet
  facet normal 0 0 1
    outer loop
      vertex -88 68.9346 2.4
      vertex -87.4604 70.9978 2.4
      vertex -87.6916 70.5291 2.4
    endloop
  endfacet
  facet normal 0 0 1
    outer loop
      vertex -88 68.9346 2.4
      vertex -87.6916 70.5291 2.4
      vertex -87.8596 70.0342 2.4
    endloop
  endfacet
  facet normal 0 0 1
    outer loop
      vertex -88 68.9346 2.4
      vertex -87.8596 70.0342 2.4
      vertex -87.9615 69.5215 2.4
    endloop
  endfacet
  facet normal 0 0 1
    outer loop
      vertex -88 61 2.4
      vertex -83.9346 73 2.4
      vertex -88 68.9346 2.4
    endloop
  endfacet
  facet normal 0 0 1
    outer loop
      vertex -83.9346 73 2.4
      vertex -88 61 2.4
      vertex -71 61 2.4
    endloop
  endfacet
  facet normal -0 0 1
    outer loop
      vertex -88 59 2.4
      vertex -71 41 2.4
      vertex -71 59 2.4
    endloop
  endfacet
  facet normal 0 0 1
    outer loop
      vertex -71 41 2.4
      vertex -88 59 2.4
      vertex -88 41 2.4
    endloop
  endfacet
  facet normal -0 0 1
    outer loop
      vertex -88 39 2.4
      vertex -71 21 2.4
      vertex -71 39 2.4
    endloop
  endfacet
  facet normal 0 0 1
    outer loop
      vertex -71 21 2.4
      vertex -88 39 2.4
      vertex -88 21 2.4
    endloop
  endfacet
  facet normal -0 0 1
    outer loop
      vertex -69 73 2.4
      vertex -64 61 2.4
      vertex -64 73 2.4
    endloop
  endfacet
  facet normal 0 0 1
    outer loop
      vertex -64 61 2.4
      vertex -69 73 2.4
      vertex -69 61 2.4
    endloop
  endfacet
  facet normal -0 0 1
    outer loop
      vertex -69 59 2.4
      vertex -64 41 2.4
      vertex -64 59 2.4
    endloop
  endfacet
  facet normal 0 0 1
    outer loop
      vertex -64 41 2.4
      vertex -69 59 2.4
      vertex -69 41 2.4
    endloop
  endfacet
  facet normal 0 0 1
    outer loop
      vertex -64 39 2.4
      vertex -69 39 2.4
      vertex -64 38 2.4
    endloop
  endfacet
  facet normal -0 0 1
    outer loop
      vertex -56 30 2.4
      vertex -51 21 2.4
      vertex -51 30 2.4
    endloop
  endfacet
  facet normal 0 0 1
    outer loop
      vertex -56.1308 30.0043 2.4
      vertex -51 21 2.4
      vertex -56 30 2.4
    endloop
  endfacet
  facet normal 0 0 1
    outer loop
      vertex -56.914 30.0556 2.4
      vertex -51 21 2.4
      vertex -56.1308 30.0043 2.4
    endloop
  endfacet
  facet normal 0 0 1
    outer loop
      vertex -57.1734 30.0898 2.4
      vertex -51 21 2.4
      vertex -56.914 30.0556 2.4
    endloop
  endfacet
  facet normal 0 0 1
    outer loop
      vertex -57.9431 30.2429 2.4
      vertex -51 21 2.4
      vertex -57.1734 30.0898 2.4
    endloop
  endfacet
  facet normal 0 0 1
    outer loop
      vertex -69 21 2.4
      vertex -57.9431 30.2429 2.4
      vertex -58.1958 30.3106 2.4
    endloop
  endfacet
  facet normal 0 0 1
    outer loop
      vertex -69 21 2.4
      vertex -58.1958 30.3106 2.4
      vertex -58.939 30.5629 2.4
    endloop
  endfacet
  facet normal 0 0 1
    outer loop
      vertex -69 21 2.4
      vertex -58.939 30.5629 2.4
      vertex -59.1807 30.663 2.4
    endloop
  endfacet
  facet normal 0 0 1
    outer loop
      vertex -69 21 2.4
      vertex -59.1807 30.663 2.4
      vertex -59.8846 31.0101 2.4
    endloop
  endfacet
  facet normal 0 0 1
    outer loop
      vertex -69 21 2.4
      vertex -59.8846 31.0101 2.4
      vertex -60.1111 31.1409 2.4
    endloop
  endfacet
  facet normal 0 0 1
    outer loop
      vertex -69 21 2.4
      vertex -60.1111 31.1409 2.4
      vertex -60.7637 31.577 2.4
    endloop
  endfacet
  facet normal 0 0 1
    outer loop
      vertex -69 21 2.4
      vertex -60.7637 31.577 2.4
      vertex -60.9713 31.7362 2.4
    endloop
  endfacet
  facet normal 0 0 1
    outer loop
      vertex -69 21 2.4
      vertex -60.9713 31.7362 2.4
      vertex -61.5613 32.2537 2.4
    endloop
  endfacet
  facet normal 0 0 1
    outer loop
      vertex -69 21 2.4
      vertex -61.5613 32.2537 2.4
      vertex -61.7463 32.4387 2.4
    endloop
  endfacet
  facet normal 0 0 1
    outer loop
      vertex -69 39 2.4
      vertex -63.9957 37.8692 2.4
      vertex -64 38 2.4
    endloop
  endfacet
  facet normal 0 0 1
    outer loop
      vertex -69 39 2.4
      vertex -63.9444 37.086 2.4
      vertex -63.9957 37.8692 2.4
    endloop
  endfacet
  facet normal 0 0 1
    outer loop
      vertex -69 39 2.4
      vertex -63.9102 36.8266 2.4
      vertex -63.9444 37.086 2.4
    endloop
  endfacet
  facet normal 0 0 1
    outer loop
      vertex -69 39 2.4
      vertex -63.7571 36.0569 2.4
      vertex -63.9102 36.8266 2.4
    endloop
  endfacet
  facet normal 0 0 1
    outer loop
      vertex -69 39 2.4
      vertex -63.6894 35.8042 2.4
      vertex -63.7571 36.0569 2.4
    endloop
  endfacet
  facet normal 0 0 1
    outer loop
      vertex -69 39 2.4
      vertex -63.4371 35.061 2.4
      vertex -63.6894 35.8042 2.4
    endloop
  endfacet
  facet normal 0 0 1
    outer loop
      vertex -69 39 2.4
      vertex -63.337 34.8193 2.4
      vertex -63.4371 35.061 2.4
    endloop
  endfacet
  facet normal 0 0 1
    outer loop
      vertex -69 39 2.4
      vertex -62.9899 34.1154 2.4
      vertex -63.337 34.8193 2.4
    endloop
  endfacet
  facet normal 0 0 1
    outer loop
      vertex -69 21 2.4
      vertex -62.9899 34.1154 2.4
      vertex -69 39 2.4
    endloop
  endfacet
  facet normal 0 0 1
    outer loop
      vertex -62.9899 34.1154 2.4
      vertex -69 21 2.4
      vertex -62.8591 33.8889 2.4
    endloop
  endfacet
  facet normal 0 0 1
    outer loop
      vertex -62.8591 33.8889 2.4
      vertex -69 21 2.4
      vertex -62.423 33.2363 2.4
    endloop
  endfacet
  facet normal 0 0 1
    outer loop
      vertex -62.423 33.2363 2.4
      vertex -69 21 2.4
      vertex -62.2638 33.0287 2.4
    endloop
  endfacet
  facet normal 0 0 1
    outer loop
      vertex -62.2638 33.0287 2.4
      vertex -69 21 2.4
      vertex -61.7463 32.4387 2.4
    endloop
  endfacet
  facet normal 0 0 1
    outer loop
      vertex -57.9431 30.2429 2.4
      vertex -69 21 2.4
      vertex -51 21 2.4
    endloop
  endfacet
  facet normal -0 0 1
    outer loop
      vertex -69 19 2.4
      vertex -51 10 2.4
      vertex -51 19 2.4
    endloop
  endfacet
  facet normal 0 0 1
    outer loop
      vertex -51 10 2.4
      vertex -69 19 2.4
      vertex -69 10 2.4
    endloop
  endfacet
  facet normal -0 0 1
    outer loop
      vertex -49 30 2.4
      vertex -31 21 2.4
      vertex -31 30 2.4
    endloop
  endfacet
  facet normal 0 0 1
    outer loop
      vertex -31 21 2.4
      vertex -49 30 2.4
      vertex -49 21 2.4
    endloop
  endfacet
  facet normal 0 0 1
    outer loop
      vertex -31 19 2.4
      vertex -48.5 10 2.4
      vertex -31 2 2.4
    endloop
  endfacet
  facet normal -0 0 1
    outer loop
      vertex -49 19 2.4
      vertex -48.5 10 2.4
      vertex -31 19 2.4
    endloop
  endfacet
  facet normal 0 0 1
    outer loop
      vertex -48.5 10 2.4
      vertex -49 19 2.4
      vertex -49 10 2.4
    endloop
  endfacet
  facet normal 0 0 1
    outer loop
      vertex -31 2 2.4
      vertex -48.5 10 2.4
      vertex -48.5 2 2.4
    endloop
  endfacet
  facet normal -0 0 1
    outer loop
      vertex -29 30 2.4
      vertex -11 21 2.4
      vertex -11 30 2.4
    endloop
  endfacet
  facet normal 0 0 1
    outer loop
      vertex -11 21 2.4
      vertex -29 30 2.4
      vertex -29 21 2.4
    endloop
  endfacet
  facet normal -0 0 1
    outer loop
      vertex -29 19 2.4
      vertex -11 2 2.4
      vertex -11 19 2.4
    endloop
  endfacet
  facet normal 0 0 1
    outer loop
      vertex -11 2 2.4
      vertex -29 19 2.4
      vertex -29 2 2.4
    endloop
  endfacet
  facet normal -0 0 1
    outer loop
      vertex -9 30 2.4
      vertex 9 21 2.4
      vertex 9 30 2.4
    endloop
  endfacet
  facet normal 0 0 1
    outer loop
      vertex 9 21 2.4
      vertex -9 30 2.4
      vertex -9 21 2.4
    endloop
  endfacet
  facet normal -0 0 1
    outer loop
      vertex -9 19 2.4
      vertex 9 2 2.4
      vertex 9 19 2.4
    endloop
  endfacet
  facet normal 0 0 1
    outer loop
      vertex 9 2 2.4
      vertex -9 19 2.4
      vertex -9 2 2.4
    endloop
  endfacet
  facet normal -0 0 1
    outer loop
      vertex 11 30 2.4
      vertex 29 21 2.4
      vertex 29 30 2.4
    endloop
  endfacet
  facet normal 0 0 1
    outer loop
      vertex 29 21 2.4
      vertex 11 30 2.4
      vertex 11 21 2.4
    endloop
  endfacet
  facet normal -0 0 1
    outer loop
      vertex 11 19 2.4
      vertex 29 2 2.4
      vertex 29 19 2.4
    endloop
  endfacet
  facet normal 0 0 1
    outer loop
      vertex 29 2 2.4
      vertex 11 19 2.4
      vertex 11 2 2.4
    endloop
  endfacet
  facet normal -0 0 1
    outer loop
      vertex 31 30 2.4
      vertex 49 21 2.4
      vertex 49 30 2.4
    endloop
  endfacet
  facet normal 0 0 1
    outer loop
      vertex 49 21 2.4
      vertex 31 30 2.4
      vertex 31 21 2.4
    endloop
  endfacet
  facet normal 0 0 1
    outer loop
      vertex 49 19 2.4
      vertex 48.5 10 2.4
      vertex 49 10 2.4
    endloop
  endfacet
  facet normal -0 0 1
    outer loop
      vertex 31 19 2.4
      vertex 48.5 10 2.4
      vertex 49 19 2.4
    endloop
  endfacet
  facet normal 0 0 1
    outer loop
      vertex 31 2 2.4
      vertex 48.5 10 2.4
      vertex 31 19 2.4
    endloop
  endfacet
  facet normal 0 0 1
    outer loop
      vertex 48.5 10 2.4
      vertex 31 2 2.4
      vertex 48.5 2 2.4
    endloop
  endfacet
  facet normal 0 0 1
    outer loop
      vertex 64 38 2.4
      vertex 69 39 2.4
      vertex 64 39 2.4
    endloop
  endfacet
  facet normal 0 0 1
    outer loop
      vertex 63.9957 37.8692 2.4
      vertex 69 39 2.4
      vertex 64 38 2.4
    endloop
  endfacet
  facet normal 0 0 1
    outer loop
      vertex 63.9444 37.086 2.4
      vertex 69 39 2.4
      vertex 63.9957 37.8692 2.4
    endloop
  endfacet
  facet normal 0 0 1
    outer loop
      vertex 63.9102 36.8266 2.4
      vertex 69 39 2.4
      vertex 63.9444 37.086 2.4
    endloop
  endfacet
  facet normal 0 0 1
    outer loop
      vertex 63.7571 36.0569 2.4
      vertex 69 39 2.4
      vertex 63.9102 36.8266 2.4
    endloop
  endfacet
  facet normal 0 0 1
    outer loop
      vertex 63.6894 35.8042 2.4
      vertex 69 39 2.4
      vertex 63.7571 36.0569 2.4
    endloop
  endfacet
  facet normal 0 0 1
    outer loop
      vertex 63.4371 35.061 2.4
      vertex 69 39 2.4
      vertex 63.6894 35.8042 2.4
    endloop
  endfacet
  facet normal 0 0 1
    outer loop
      vertex 63.337 34.8193 2.4
      vertex 69 39 2.4
      vertex 63.4371 35.061 2.4
    endloop
  endfacet
  facet normal 0 0 1
    outer loop
      vertex 62.9899 34.1154 2.4
      vertex 69 39 2.4
      vertex 63.337 34.8193 2.4
    endloop
  endfacet
  facet normal 0 0 1
    outer loop
      vertex 69 39 2.4
      vertex 62.9899 34.1154 2.4
      vertex 69 21 2.4
    endloop
  endfacet
  facet normal -0 0 1
    outer loop
      vertex 62.8591 33.8889 2.4
      vertex 69 21 2.4
      vertex 62.9899 34.1154 2.4
    endloop
  endfacet
  facet normal -0 0 1
    outer loop
      vertex 62.423 33.2363 2.4
      vertex 69 21 2.4
      vertex 62.8591 33.8889 2.4
    endloop
  endfacet
  facet normal -0 0 1
    outer loop
      vertex 62.2638 33.0287 2.4
      vertex 69 21 2.4
      vertex 62.423 33.2363 2.4
    endloop
  endfacet
  facet normal -0 0 1
    outer loop
      vertex 61.7463 32.4387 2.4
      vertex 69 21 2.4
      vertex 62.2638 33.0287 2.4
    endloop
  endfacet
  facet normal -0 0 1
    outer loop
      vertex 61.5613 32.2537 2.4
      vertex 69 21 2.4
      vertex 61.7463 32.4387 2.4
    endloop
  endfacet
  facet normal -0 0 1
    outer loop
      vertex 60.9713 31.7362 2.4
      vertex 69 21 2.4
      vertex 61.5613 32.2537 2.4
    endloop
  endfacet
  facet normal -0 0 1
    outer loop
      vertex 60.7637 31.577 2.4
      vertex 69 21 2.4
      vertex 60.9713 31.7362 2.4
    endloop
  endfacet
  facet normal -0 0 1
    outer loop
      vertex 60.1111 31.1409 2.4
      vertex 69 21 2.4
      vertex 60.7637 31.577 2.4
    endloop
  endfacet
  facet normal -0 0 1
    outer loop
      vertex 59.8846 31.0101 2.4
      vertex 69 21 2.4
      vertex 60.1111 31.1409 2.4
    endloop
  endfacet
  facet normal -0 0 1
    outer loop
      vertex 59.1807 30.663 2.4
      vertex 69 21 2.4
      vertex 59.8846 31.0101 2.4
    endloop
  endfacet
  facet normal -0 0 1
    outer loop
      vertex 58.939 30.5629 2.4
      vertex 69 21 2.4
      vertex 59.1807 30.663 2.4
    endloop
  endfacet
  facet normal -0 0 1
    outer loop
      vertex 58.1958 30.3106 2.4
      vertex 69 21 2.4
      vertex 58.939 30.5629 2.4
    endloop
  endfacet
  facet normal -0 0 1
    outer loop
      vertex 57.9431 30.2429 2.4
      vertex 69 21 2.4
      vertex 58.1958 30.3106 2.4
    endloop
  endfacet
  facet normal 0 0 1
    outer loop
      vertex 51 21 2.4
      vertex 57.9431 30.2429 2.4
      vertex 57.1734 30.0898 2.4
    endloop
  endfacet
  facet normal 0 0 1
    outer loop
      vertex 51 21 2.4
      vertex 57.1734 30.0898 2.4
      vertex 56.914 30.0556 2.4
    endloop
  endfacet
  facet normal 0 0 1
    outer loop
      vertex 51 21 2.4
      vertex 56.914 30.0556 2.4
      vertex 56.1308 30.0043 2.4
    endloop
  endfacet
  facet normal 0 0 1
    outer loop
      vertex 51 21 2.4
      vertex 56.1308 30.0043 2.4
      vertex 56 30 2.4
    endloop
  endfacet
  facet normal 0 0 1
    outer loop
      vertex 51 21 2.4
      vertex 56 30 2.4
      vertex 51 30 2.4
    endloop
  endfacet
  facet normal 0 0 1
    outer loop
      vertex 57.9431 30.2429 2.4
      vertex 51 21 2.4
      vertex 69 21 2.4
    endloop
  endfacet
  facet normal -0 0 1
    outer loop
      vertex 51 19 2.4
      vertex 69 10 2.4
      vertex 69 19 2.4
    endloop
  endfacet
  facet normal 0 0 1
    outer loop
      vertex 69 10 2.4
      vertex 51 19 2.4
      vertex 51 10 2.4
    endloop
  endfacet
  facet normal -0 0 1
    outer loop
      vertex 64 73 2.4
      vertex 69 61 2.4
      vertex 69 73 2.4
    endloop
  endfacet
  facet normal 0 0 1
    outer loop
      vertex 69 61 2.4
      vertex 64 73 2.4
      vertex 64 61 2.4
    endloop
  endfacet
  facet normal -0 0 1
    outer loop
      vertex 64 59 2.4
      vertex 69 41 2.4
      vertex 69 59 2.4
    endloop
  endfacet
  facet normal 0 0 1
    outer loop
      vertex 69 41 2.4
      vertex 64 59 2.4
      vertex 64 41 2.4
    endloop
  endfacet
  facet normal -0 0 1
    outer loop
      vertex 71 59 2.4
      vertex 88 41 2.4
      vertex 88 59 2.4
    endloop
  endfacet
  facet normal 0 0 1
    outer loop
      vertex 88 41 2.4
      vertex 71 59 2.4
      vertex 71 41 2.4
    endloop
  endfacet
  facet normal 0 0 1
    outer loop
      vertex 83.9346 73 2.4
      vertex 88 68.9346 2.4
      vertex 87.9615 69.5215 2.4
    endloop
  endfacet
  facet normal 0 0 1
    outer loop
      vertex 83.9346 73 2.4
      vertex 87.9615 69.5215 2.4
      vertex 87.8596 70.0342 2.4
    endloop
  endfacet
  facet normal 0 0 1
    outer loop
      vertex 83.9346 73 2.4
      vertex 87.8596 70.0342 2.4
      vertex 87.6916 70.5291 2.4
    endloop
  endfacet
  facet normal 0 0 1
    outer loop
      vertex 83.9346 73 2.4
      vertex 87.6916 70.5291 2.4
      vertex 87.4604 70.9978 2.4
    endloop
  endfacet
  facet normal 0 0 1
    outer loop
      vertex 83.9346 73 2.4
      vertex 87.4604 70.9978 2.4
      vertex 87.17 71.4324 2.4
    endloop
  endfacet
  facet normal 0 0 1
    outer loop
      vertex 83.9346 73 2.4
      vertex 87.17 71.4324 2.4
      vertex 86.8254 71.8254 2.4
    endloop
  endfacet
  facet normal 0 0 1
    outer loop
      vertex 83.9346 73 2.4
      vertex 86.8254 71.8254 2.4
      vertex 86.4324 72.17 2.4
    endloop
  endfacet
  facet normal 0 0 1
    outer loop
      vertex 83.9346 73 2.4
      vertex 86.4324 72.17 2.4
      vertex 85.9978 72.4604 2.4
    endloop
  endfacet
  facet normal 0 0 1
    outer loop
      vertex 83.9346 73 2.4
      vertex 85.9978 72.4604 2.4
      vertex 85.5291 72.6916 2.4
    endloop
  endfacet
  facet normal 0 0 1
    outer loop
      vertex 83.9346 73 2.4
      vertex 85.5291 72.6916 2.4
      vertex 85.0342 72.8596 2.4
    endloop
  endfacet
  facet normal 0 0 1
    outer loop
      vertex 83.9346 73 2.4
      vertex 85.0342 72.8596 2.4
      vertex 84.5215 72.9615 2.4
    endloop
  endfacet
  facet normal 0 0 1
    outer loop
      vertex 88 68.9346 2.4
      vertex 83.9346 73 2.4
      vertex 88 61 2.4
    endloop
  endfacet
  facet normal 0 0 1
    outer loop
      vertex 71 61 2.4
      vertex 83.9346 73 2.4
      vertex 71 73 2.4
    endloop
  endfacet
  facet normal 0 0 1
    outer loop
      vertex 83.9346 73 2.4
      vertex 71 61 2.4
      vertex 88 61 2.4
    endloop
  endfacet
  facet normal -0 0 1
    outer loop
      vertex 71 39 2.4
      vertex 88 21 2.4
      vertex 88 39 2.4
    endloop
  endfacet
  facet normal 0 0 1
    outer loop
      vertex 88 21 2.4
      vertex 71 39 2.4
      vertex 71 21 2.4
    endloop
  endfacet
  facet normal -0 0 1
    outer loop
      vertex 71.5 10 2.4
      vertex 88 6.06538 2.4
      vertex 88 19 2.4
    endloop
  endfacet
  facet normal 0 -0 1
    outer loop
      vertex 83.9346 2 2.4
      vertex 88 6.06538 2.4
      vertex 71.5 10 2.4
    endloop
  endfacet
  facet normal 0 0 1
    outer loop
      vertex 88 6.06538 2.4
      vertex 83.9346 2 2.4
      vertex 87.9615 5.47849 2.4
    endloop
  endfacet
  facet normal 0 0 1
    outer loop
      vertex 87.9615 5.47849 2.4
      vertex 83.9346 2 2.4
      vertex 87.8596 4.96584 2.4
    endloop
  endfacet
  facet normal 0 0 1
    outer loop
      vertex 87.8596 4.96584 2.4
      vertex 83.9346 2 2.4
      vertex 87.6916 4.47092 2.4
    endloop
  endfacet
  facet normal 0 0 1
    outer loop
      vertex 87.4604 4.00215 2.4
      vertex 83.9346 2 2.4
      vertex 87.17 3.56758 2.4
    endloop
  endfacet
  facet normal 0 0 1
    outer loop
      vertex 87.17 3.56758 2.4
      vertex 83.9346 2 2.4
      vertex 86.8254 3.17461 2.4
    endloop
  endfacet
  facet normal 0 0 1
    outer loop
      vertex 86.8254 3.17461 2.4
      vertex 83.9346 2 2.4
      vertex 86.4324 2.82997 2.4
    endloop
  endfacet
  facet normal 0 0 1
    outer loop
      vertex 86.4324 2.82997 2.4
      vertex 83.9346 2 2.4
      vertex 85.9978 2.53961 2.4
    endloop
  endfacet
  facet normal 0 0 1
    outer loop
      vertex 85.9978 2.53961 2.4
      vertex 83.9346 2 2.4
      vertex 85.5291 2.30844 2.4
    endloop
  endfacet
  facet normal 0 0 1
    outer loop
      vertex 85.5291 2.30844 2.4
      vertex 83.9346 2 2.4
      vertex 85.0342 2.14044 2.4
    endloop
  endfacet
  facet normal 0 0 1
    outer loop
      vertex 85.0342 2.14044 2.4
      vertex 83.9346 2 2.4
      vertex 84.5215 2.03847 2.4
    endloop
  endfacet
  facet normal 0 0 1
    outer loop
      vertex 87.6916 4.47092 2.4
      vertex 83.9346 2 2.4
      vertex 87.4604 4.00215 2.4
    endloop
  endfacet
  facet normal -0 0 1
    outer loop
      vertex 71 19 2.4
      vertex 71.5 10 2.4
      vertex 88 19 2.4
    endloop
  endfacet
  facet normal 0 0 1
    outer loop
      vertex 71.5 10 2.4
      vertex 71 19 2.4
      vertex 71 10 2.4
    endloop
  endfacet
  facet normal 0 0 1
    outer loop
      vertex 83.9346 2 2.4
      vertex 71.5 10 2.4
      vertex 71.5 2 2.4
    endloop
  endfacet
endsolid OpenSCAD_Model
