id,name,status,source_type,document_count,processed_docs,total_docs,dms_source_path,storage_path,created_at
170de4c1-6df1-4902-8948-48b55234b517,Marcus production- 07.25.25,processing,opposing_production,0,391865,391865,"/mnt/legacy/Clients/Rhod Williams/Marcus Foods 493-02707-2024/Document production/Marcus production/20250725 Production 01.001.zip,/mnt/legacy/Clients/Rhod Williams/Marcus Foods 493-02707-2024/Document production/Marcus production/20250725 Production 01.002.zip,/mnt/legacy/Clients/Rhod Williams/Marcus Foods 493-02707-2024/Document production/Marcus production/20250725 Production 01.003.zip",/mnt/ediscovery/986c0fee-1390-43bb-ad28-8cd1db6de53f/d389d889-4fe9-41c9-b74e-622d93d244f8/Marcus_production-_07.25.25,2026-06-11 14:27:43.039305+00:00
ef69143b-c7d4-42d3-8733-0c48f19bf582,Marcus production,processing,opposing_production,0,391853,391865,"/mnt/legacy/Clients/Rhod Williams/Marcus Foods 493-02707-2024/Document production/Marcus production/20250725 Production 01.001.zip,/mnt/legacy/Clients/Rhod Williams/Marcus Foods 493-02707-2024/Document production/Marcus production/20250725 Production 01.002.zip,/mnt/legacy/Clients/Rhod Williams/Marcus Foods 493-02707-2024/Document production/Marcus production/20250725 Production 01.003.zip",/mnt/ediscovery/986c0fee-1390-43bb-ad28-8cd1db6de53f/d389d889-4fe9-41c9-b74e-622d93d244f8/Marcus_production,2026-06-13 10:24:49.039728+00:00
d7960ab3-1006-46f2-b89d-faa5e0223498,Client Documents,review_ready,client_documents,0,279219,537502,/mnt/legacy/Clients/Rhod Williams/Marcus Foods 493-02707-2024/Client Documents,/mnt/ediscovery/986c0fee-1390-43bb-ad28-8cd1db6de53f/d389d889-4fe9-41c9-b74e-622d93d244f8/Client_Documents,2026-06-14 01:05:07.468269+00:00
21d6cd63-101d-4316-97f7-850abb55a963,Client Documents — Marcus Food Co Email Archive,processing,client_documents,0,86970,237051,/mnt/legacy/Clients/Rhod Williams/Marcus Foods 493-02707-2024/Client Documents/Marcus Food Co Email Archive,/mnt/ediscovery/986c0fee-1390-43bb-ad28-8cd1db6de53f/d389d889-4fe9-41c9-b74e-622d93d244f8/Client_Documents_—_Marcus_Food_Co_Email_Archive,2026-06-14 01:05:11.261119+00:00
10095707-6624-48f3-b4fb-6d0960b105c8,Client Documents — Marcus Food Co Email Archive,processing,client_documents,0,0,108202,/mnt/legacy/Clients/Rhod Williams/Marcus Foods 493-02707-2024/Client Documents/Marcus Food Co Email Archive.zip,/mnt/ediscovery/986c0fee-1390-43bb-ad28-8cd1db6de53f/d389d889-4fe9-41c9-b74e-622d93d244f8/Client_Documents_—_Marcus_Food_Co_Email_Archive,2026-06-14 01:05:11.261119+00:00
361bc731-982c-4cf5-aa98-bd8b06a92f1a,Client Documents — PO,review_ready,client_documents,0,94068,94068,/mnt/legacy/Clients/Rhod Williams/Marcus Foods 493-02707-2024/Client Documents/PO.zip,/mnt/ediscovery/986c0fee-1390-43bb-ad28-8cd1db6de53f/d389d889-4fe9-41c9-b74e-622d93d244f8/Client_Documents_—_PO,2026-06-14 01:05:11.261119+00:00
0a8d3bb2-307c-494b-b70f-756fe8b7445b,Client Documents — Loose Files,review_ready,client_documents,0,4,4,"/mnt/legacy/Clients/Rhod Williams/Marcus Foods 493-02707-2024/Client Documents/Client file 5-2-24.pdf,/mnt/legacy/Clients/Rhod Williams/Marcus Foods 493-02707-2024/Client Documents/Francisco-Veronica-Robb call 3-11-24.mp4,/mnt/legacy/Clients/Rhod Williams/Marcus Foods 493-02707-2024/Client Documents/PO.zip.tmp,/mnt/legacy/Clients/Rhod Williams/Marcus Foods 493-02707-2024/Client Documents/Thumbs.db",/mnt/ediscovery/986c0fee-1390-43bb-ad28-8cd1db6de53f/d389d889-4fe9-41c9-b74e-622d93d244f8/Client_Documents_—_Loose_Files,2026-06-14 01:05:11.261119+00:00
872debc5-fea6-4385-8285-c56f56678069,Client Documents — PO,review_ready,client_documents,0,94087,94087,/mnt/legacy/Clients/Rhod Williams/Marcus Foods 493-02707-2024/Client Documents/PO,/mnt/ediscovery/986c0fee-1390-43bb-ad28-8cd1db6de53f/d389d889-4fe9-41c9-b74e-622d93d244f8/Client_Documents_—_PO,2026-06-14 01:05:11.261119+00:00
38560ea9-488a-4135-a7a7-6c3dc0e4a010,Client Documents — 12.31.25 Cleanup,review_ready,client_documents,0,1,1,/mnt/legacy/Clients/Rhod Williams/Marcus Foods 493-02707-2024/Client Documents/12.31.25 Cleanup,/mnt/ediscovery/986c0fee-1390-43bb-ad28-8cd1db6de53f/d389d889-4fe9-41c9-b74e-622d93d244f8/Client_Documents_—_12.31.25_Cleanup,2026-06-14 01:05:11.261119+00:00
072c864a-ba99-4109-8654-2333b2add1ed,Client Documents — 11.17.25,review_ready,client_documents,0,4049,4049,/mnt/legacy/Clients/Rhod Williams/Marcus Foods 493-02707-2024/Client Documents/11.17.25,/mnt/ediscovery/986c0fee-1390-43bb-ad28-8cd1db6de53f/d389d889-4fe9-41c9-b74e-622d93d244f8/Client_Documents_—_11.17.25,2026-06-14 01:05:11.261119+00:00
1ecd5e09-7d0e-4a31-bb17-5791dcbcd2d1,Client Documents — 12.17.25,review_ready,client_documents,0,40,40,/mnt/legacy/Clients/Rhod Williams/Marcus Foods 493-02707-2024/Client Documents/12.17.25.zip,/mnt/ediscovery/986c0fee-1390-43bb-ad28-8cd1db6de53f/d389d889-4fe9-41c9-b74e-622d93d244f8/Client_Documents_—_12.17.25,2026-06-14 01:05:11.261119+00:00
54bf3171-a887-4989-8ec6-6babd618dd2a,Client Documents — 11.17.25 — Bank of America _ Online Banking _ Accounts _ Account Details _ Account Activity_files,review_ready,client_documents,0,86,86,/mnt/legacy/Clients/Rhod Williams/Marcus Foods 493-02707-2024/Client Documents/11.17.25/Bank of America _ Online Banking _ Accounts _ Account Details _ Account Activity_files,/mnt/ediscovery/986c0fee-1390-43bb-ad28-8cd1db6de53f/d389d889-4fe9-41c9-b74e-622d93d244f8/Client_Documents_—_11.17.25_—_Bank_of_America___Online_Banking___Accounts___Account_Details___Accoun,2026-06-14 01:05:12.640318+00:00
5000e579-562b-4214-af4a-1dd6dc8654d0,Client Documents — 11.17.25 — Del Rio -Santander statements,review_ready,client_documents,0,29,29,/mnt/legacy/Clients/Rhod Williams/Marcus Foods 493-02707-2024/Client Documents/11.17.25/Del Rio -Santander statements,/mnt/ediscovery/986c0fee-1390-43bb-ad28-8cd1db6de53f/d389d889-4fe9-41c9-b74e-622d93d244f8/Client_Documents_—_11.17.25_—_Del_Rio_-Santander_statements,2026-06-14 01:05:12.640318+00:00
4f320dce-9eb4-4e1b-bb3a-a6888b42a738,Client Documents — 11.17.25 — Bank Statements,review_ready,client_documents,0,26,26,/mnt/legacy/Clients/Rhod Williams/Marcus Foods 493-02707-2024/Client Documents/11.17.25/Bank Statements,/mnt/ediscovery/986c0fee-1390-43bb-ad28-8cd1db6de53f/d389d889-4fe9-41c9-b74e-622d93d244f8/Client_Documents_—_11.17.25_—_Bank_Statements,2026-06-14 01:05:12.640318+00:00
61ee6664-930b-47ac-b550-321ce7ee77aa,Client Documents — 11.17.25 — Agrifoods -COMPLEMENTOS DE PAGO,review_ready,client_documents,0,734,734,/mnt/legacy/Clients/Rhod Williams/Marcus Foods 493-02707-2024/Client Documents/11.17.25/Agrifoods -COMPLEMENTOS DE PAGO,/mnt/ediscovery/986c0fee-1390-43bb-ad28-8cd1db6de53f/d389d889-4fe9-41c9-b74e-622d93d244f8/Client_Documents_—_11.17.25_—_Agrifoods_-COMPLEMENTOS_DE_PAGO,2026-06-14 01:05:12.640318+00:00
231cef3f-a5ce-4a69-88bf-fffd15ada53e,Client Documents — 11.17.25 — _Integrated Foods BOA,review_ready,client_documents,0,77,77,/mnt/legacy/Clients/Rhod Williams/Marcus Foods 493-02707-2024/Client Documents/11.17.25/_Integrated Foods BOA,/mnt/ediscovery/986c0fee-1390-43bb-ad28-8cd1db6de53f/d389d889-4fe9-41c9-b74e-622d93d244f8/Client_Documents_—_11.17.25_—__Integrated_Foods_BOA,2026-06-14 01:05:12.640318+00:00
511f5fae-18ce-457b-9a7a-02247dbb2c9d,Client Documents — 11.17.25 — _Alliance Cold BOA,review_ready,client_documents,0,26,26,/mnt/legacy/Clients/Rhod Williams/Marcus Foods 493-02707-2024/Client Documents/11.17.25/_Alliance Cold BOA,/mnt/ediscovery/986c0fee-1390-43bb-ad28-8cd1db6de53f/d389d889-4fe9-41c9-b74e-622d93d244f8/Client_Documents_—_11.17.25_—__Alliance_Cold_BOA,2026-06-14 01:05:12.640318+00:00
8fb99e19-b122-4d3f-bf80-fca64627819f,Client Documents — 11.17.25 — _AIM Bank Statements,review_ready,client_documents,0,206,206,/mnt/legacy/Clients/Rhod Williams/Marcus Foods 493-02707-2024/Client Documents/11.17.25/_AIM Bank Statements,/mnt/ediscovery/986c0fee-1390-43bb-ad28-8cd1db6de53f/d389d889-4fe9-41c9-b74e-622d93d244f8/Client_Documents_—_11.17.25_—__AIM_Bank_Statements,2026-06-14 01:05:12.640318+00:00
cdb602b3-aa2f-444d-878a-64ec7db0cc10,Client Documents — 11.17.25 — _Agrifoods -MONEX,review_ready,client_documents,0,82,82,/mnt/legacy/Clients/Rhod Williams/Marcus Foods 493-02707-2024/Client Documents/11.17.25/_Agrifoods -MONEX,/mnt/ediscovery/986c0fee-1390-43bb-ad28-8cd1db6de53f/d389d889-4fe9-41c9-b74e-622d93d244f8/Client_Documents_—_11.17.25_—__Agrifoods_-MONEX,2026-06-14 01:05:12.640318+00:00
cee6cd5a-a12c-4117-84b3-f661ab30ba8e,Client Documents — 11.17.25 — VIVA FOODS 2018,review_ready,client_documents,0,7,7,/mnt/legacy/Clients/Rhod Williams/Marcus Foods 493-02707-2024/Client Documents/11.17.25/VIVA FOODS 2018,/mnt/ediscovery/986c0fee-1390-43bb-ad28-8cd1db6de53f/d389d889-4fe9-41c9-b74e-622d93d244f8/Client_Documents_—_11.17.25_—_VIVA_FOODS_2018,2026-06-14 01:05:12.640318+00:00
41a03efe-6679-4f68-be7e-92ceab8cfce1,Client Documents — 11.17.25 — _Agrifoods - BNMX,review_ready,client_documents,0,163,163,/mnt/legacy/Clients/Rhod Williams/Marcus Foods 493-02707-2024/Client Documents/11.17.25/_Agrifoods - BNMX,/mnt/ediscovery/986c0fee-1390-43bb-ad28-8cd1db6de53f/d389d889-4fe9-41c9-b74e-622d93d244f8/Client_Documents_—_11.17.25_—__Agrifoods_-_BNMX,2026-06-14 01:05:12.640318+00:00
6be9c7d9-e772-46ae-b437-7c47ee12f9ae,Client Documents — 11.17.25 — _2025 dennis files,review_ready,client_documents,0,222,222,/mnt/legacy/Clients/Rhod Williams/Marcus Foods 493-02707-2024/Client Documents/11.17.25/_2025 dennis files,/mnt/ediscovery/986c0fee-1390-43bb-ad28-8cd1db6de53f/d389d889-4fe9-41c9-b74e-622d93d244f8/Client_Documents_—_11.17.25_—__2025_dennis_files,2026-06-14 01:05:12.640318+00:00
64dfd2c2-17c2-49d3-bdc4-6d58eb1134b3,Client Documents — 11.17.25 — 2018-2019,review_ready,client_documents,0,282,282,/mnt/legacy/Clients/Rhod Williams/Marcus Foods 493-02707-2024/Client Documents/11.17.25/2018-2019,/mnt/ediscovery/986c0fee-1390-43bb-ad28-8cd1db6de53f/d389d889-4fe9-41c9-b74e-622d93d244f8/Client_Documents_—_11.17.25_—_2018-2019,2026-06-14 01:05:12.640318+00:00
3d2c0467-ed8c-4e2f-9e2b-abb004e94cde,Client Documents — 11.17.25 — _Bank Statements,review_ready,client_documents,0,1665,1665,/mnt/legacy/Clients/Rhod Williams/Marcus Foods 493-02707-2024/Client Documents/11.17.25/_Bank Statements.zip,/mnt/ediscovery/986c0fee-1390-43bb-ad28-8cd1db6de53f/d389d889-4fe9-41c9-b74e-622d93d244f8/Client_Documents_—_11.17.25_—__Bank_Statements,2026-06-14 01:05:12.640318+00:00
dc2e9aab-1b3c-443e-968d-f247881db6de,Client Documents — 11.17.25 — Loose Files,review_ready,client_documents,0,15,15,"/mnt/legacy/Clients/Rhod Williams/Marcus Foods 493-02707-2024/Client Documents/11.17.25/BANAMEX Caratula Feb 2024.pdf,/mnt/legacy/Clients/Rhod Williams/Marcus Foods 493-02707-2024/Client Documents/11.17.25/Bank of America _ Online Banking _ Accounts _ Account Details _ Account Activity.html,/mnt/legacy/Clients/Rhod Williams/Marcus Foods 493-02707-2024/Client Documents/11.17.25/Bank of America _ Online Banking _ Accounts _ Account Details _ Account Activity.pdf,/mnt/legacy/Clients/Rhod Williams/Marcus Foods 493-02707-2024/Client Documents/11.17.25/BOA Wire recall.docx,/mnt/legacy/Clients/Rhod Williams/Marcus Foods 493-02707-2024/Client Documents/11.17.25/BOA Wire recall.pdf,/mnt/legacy/Clients/Rhod Williams/Marcus Foods 493-02707-2024/Client Documents/11.17.25/Caratula MONEX 12 2024.pdf,/mnt/legacy/Clients/Rhod Williams/Marcus Foods 493-02707-2024/Client Documents/11.17.25/FedEx Shipping Label.pdf,/mnt/legacy/Clients/Rhod Williams/Marcus Foods 493-02707-2024/Client Documents/11.17.25/June 2024 MONEX.pdf,/mnt/legacy/Clients/Rhod Williams/Marcus Foods 493-02707-2024/Client Documents/11.17.25/MONEX Caratula 2025-Agrifoods.pdf,/mnt/legacy/Clients/Rhod Williams/Marcus Foods 493-02707-2024/Client Documents/11.17.25/MONEX Caratula 2025.pdf,/mnt/legacy/Clients/Rhod Williams/Marcus Foods 493-02707-2024/Client Documents/11.17.25/Truist - OFX Cancellation-Modification Request Form.pdf,/mnt/legacy/Clients/Rhod Williams/Marcus Foods 493-02707-2024/Client Documents/11.17.25/Truist Cancellation-Modification (1).pdf,/mnt/legacy/Clients/Rhod Williams/Marcus Foods 493-02707-2024/Client Documents/11.17.25/Truist Cancellation-Modification Request -Trade 2023021500315.pdf,/mnt/legacy/Clients/Rhod Williams/Marcus Foods 493-02707-2024/Client Documents/11.17.25/Truist Cancellation-Modification.pdf,/mnt/legacy/Clients/Rhod Williams/Marcus Foods 493-02707-2024/Client Documents/11.17.25/Truist token selection 2023.pdf",/mnt/ediscovery/986c0fee-1390-43bb-ad28-8cd1db6de53f/d389d889-4fe9-41c9-b74e-622d93d244f8/Client_Documents_—_11.17.25_—_Loose_Files,2026-06-14 01:05:12.640318+00:00
60d293f8-7cda-45a1-866d-c7d770d2bb47,Client Documents — 11.17.25 — _2025 dennis files,review_ready,client_documents,0,222,222,/mnt/legacy/Clients/Rhod Williams/Marcus Foods 493-02707-2024/Client Documents/11.17.25/_2025 dennis files.zip,/mnt/ediscovery/986c0fee-1390-43bb-ad28-8cd1db6de53f/d389d889-4fe9-41c9-b74e-622d93d244f8/Client_Documents_—_11.17.25_—__2025_dennis_files,2026-06-14 01:05:12.640318+00:00
a1d46e46-2449-4b24-b9bd-428d333a93b4,Client Documents — 11.17.25 — _Integrated Foods TRUIST,review_ready,client_documents,0,207,207,/mnt/legacy/Clients/Rhod Williams/Marcus Foods 493-02707-2024/Client Documents/11.17.25/_Integrated Foods TRUIST,/mnt/ediscovery/986c0fee-1390-43bb-ad28-8cd1db6de53f/d389d889-4fe9-41c9-b74e-622d93d244f8/Client_Documents_—_11.17.25_—__Integrated_Foods_TRUIST,2026-06-14 01:05:12.640318+00:00
595e1272-975c-4d22-9e45-ddd2c50dea6b,Client Documents — Marcus Food Co Email Archive — Maricela,processing,client_documents,0,0,16370,/mnt/legacy/Clients/Rhod Williams/Marcus Foods 493-02707-2024/Client Documents/Marcus Food Co Email Archive/Maricela.zip,/mnt/ediscovery/986c0fee-1390-43bb-ad28-8cd1db6de53f/d389d889-4fe9-41c9-b74e-622d93d244f8/Client_Documents_—_Marcus_Food_Co_Email_Archive_—_Maricela,2026-06-14 01:05:12.645232+00:00
cdda89a3-9e42-4e6a-9d8d-a17370705139,Client Documents — Marcus Food Co Email Archive — Ernesto,processing,client_documents,0,0,17193,/mnt/legacy/Clients/Rhod Williams/Marcus Foods 493-02707-2024/Client Documents/Marcus Food Co Email Archive/Ernesto.zip,/mnt/ediscovery/986c0fee-1390-43bb-ad28-8cd1db6de53f/d389d889-4fe9-41c9-b74e-622d93d244f8/Client_Documents_—_Marcus_Food_Co_Email_Archive_—_Ernesto,2026-06-14 01:05:12.645232+00:00
d8a22d1c-ff8f-4621-8fb3-255934be2abe,Client Documents — Marcus Food Co Email Archive — Veronica,processing,client_documents,0,0,35150,/mnt/legacy/Clients/Rhod Williams/Marcus Foods 493-02707-2024/Client Documents/Marcus Food Co Email Archive/Veronica.zip,/mnt/ediscovery/986c0fee-1390-43bb-ad28-8cd1db6de53f/d389d889-4fe9-41c9-b74e-622d93d244f8/Client_Documents_—_Marcus_Food_Co_Email_Archive_—_Veronica,2026-06-14 01:05:12.645232+00:00
a65f01fc-53da-41f0-908e-56ea35ec7642,Client Documents — Marcus Food Co Email Archive — Veronica,processing,client_documents,0,16151,28036,/mnt/legacy/Clients/Rhod Williams/Marcus Foods 493-02707-2024/Client Documents/Marcus Food Co Email Archive/Veronica,/mnt/ediscovery/986c0fee-1390-43bb-ad28-8cd1db6de53f/d389d889-4fe9-41c9-b74e-622d93d244f8/Client_Documents_—_Marcus_Food_Co_Email_Archive_—_Veronica,2026-06-14 01:05:12.645232+00:00
f71d8db0-2128-4f10-b989-8fb3e2b0c4b1,Client Documents — Marcus Food Co Email Archive — Steve,processing,client_documents,0,37638,50242,/mnt/legacy/Clients/Rhod Williams/Marcus Foods 493-02707-2024/Client Documents/Marcus Food Co Email Archive/Steve,/mnt/ediscovery/986c0fee-1390-43bb-ad28-8cd1db6de53f/d389d889-4fe9-41c9-b74e-622d93d244f8/Client_Documents_—_Marcus_Food_Co_Email_Archive_—_Steve,2026-06-14 01:05:12.645232+00:00
c1dd32c5-ddee-4b57-9905-34631408493c,Client Documents — Marcus Food Co Email Archive — Ernesto,processing,client_documents,0,5079,22002,/mnt/legacy/Clients/Rhod Williams/Marcus Foods 493-02707-2024/Client Documents/Marcus Food Co Email Archive/Ernesto,/mnt/ediscovery/986c0fee-1390-43bb-ad28-8cd1db6de53f/d389d889-4fe9-41c9-b74e-622d93d244f8/Client_Documents_—_Marcus_Food_Co_Email_Archive_—_Ernesto,2026-06-14 01:05:12.645232+00:00
f4d77612-f9de-44ae-9bcd-64fe6a73dba2,Client Documents — Marcus Food Co Email Archive — Maricela,processing,client_documents,0,28102,35617,/mnt/legacy/Clients/Rhod Williams/Marcus Foods 493-02707-2024/Client Documents/Marcus Food Co Email Archive/Maricela,/mnt/ediscovery/986c0fee-1390-43bb-ad28-8cd1db6de53f/d389d889-4fe9-41c9-b74e-622d93d244f8/Client_Documents_—_Marcus_Food_Co_Email_Archive_—_Maricela,2026-06-14 01:05:12.645232+00:00
0e12a9ce-3e3f-4194-8ce0-959c8548507d,Client Documents — Marcus Food Co Email Archive — Steve,processing,client_documents,0,0,32441,/mnt/legacy/Clients/Rhod Williams/Marcus Foods 493-02707-2024/Client Documents/Marcus Food Co Email Archive/Steve.zip,/mnt/ediscovery/986c0fee-1390-43bb-ad28-8cd1db6de53f/d389d889-4fe9-41c9-b74e-622d93d244f8/Client_Documents_—_Marcus_Food_Co_Email_Archive_—_Steve,2026-06-14 01:05:12.645232+00:00
caaf3387-dcfb-4443-9ab5-4d9341261b51,Client Documents — Marcus Food Co Email Archive — Ernesto — Ernesto 2022,processing,client_documents,0,0,3677,/mnt/legacy/Clients/Rhod Williams/Marcus Foods 493-02707-2024/Client Documents/Marcus Food Co Email Archive/Ernesto/Ernesto 2022.pst,/mnt/ediscovery/986c0fee-1390-43bb-ad28-8cd1db6de53f/d389d889-4fe9-41c9-b74e-622d93d244f8/Client_Documents_—_Marcus_Food_Co_Email_Archive_—_Ernesto_—_Ernesto_2022,2026-06-14 01:05:13.979789+00:00
7a003839-21b6-4270-86cf-4e76a0c7eee9,Client Documents — Marcus Food Co Email Archive — Ernesto — Ernesto 2021,processing,client_documents,0,0,3434,/mnt/legacy/Clients/Rhod Williams/Marcus Foods 493-02707-2024/Client Documents/Marcus Food Co Email Archive/Ernesto/Ernesto 2021.pst,/mnt/ediscovery/986c0fee-1390-43bb-ad28-8cd1db6de53f/d389d889-4fe9-41c9-b74e-622d93d244f8/Client_Documents_—_Marcus_Food_Co_Email_Archive_—_Ernesto_—_Ernesto_2021,2026-06-14 01:05:13.979789+00:00
099b9c7c-541a-4f9c-8d17-fb9b99244543,Client Documents — Marcus Food Co Email Archive — Ernesto — Ernesto 2020,review_ready,client_documents,0,534,534,/mnt/legacy/Clients/Rhod Williams/Marcus Foods 493-02707-2024/Client Documents/Marcus Food Co Email Archive/Ernesto/Ernesto 2020.pst,/mnt/ediscovery/986c0fee-1390-43bb-ad28-8cd1db6de53f/d389d889-4fe9-41c9-b74e-622d93d244f8/Client_Documents_—_Marcus_Food_Co_Email_Archive_—_Ernesto_—_Ernesto_2020,2026-06-14 01:05:13.979789+00:00
9d6deb50-d2ac-4e80-b2e2-cface6344fb4,Client Documents — Marcus Food Co Email Archive — Ernesto — Ernesto 2023,review_ready,client_documents,0,2337,2337,/mnt/legacy/Clients/Rhod Williams/Marcus Foods 493-02707-2024/Client Documents/Marcus Food Co Email Archive/Ernesto/Ernesto 2023.pst,/mnt/ediscovery/986c0fee-1390-43bb-ad28-8cd1db6de53f/d389d889-4fe9-41c9-b74e-622d93d244f8/Client_Documents_—_Marcus_Food_Co_Email_Archive_—_Ernesto_—_Ernesto_2023,2026-06-14 01:05:13.979789+00:00
d98aa475-a501-4de1-94a0-28d7c07fa65f,Client Documents — Marcus Food Co Email Archive — Ernesto — Ernesto 2018,processing,client_documents,0,0,5977,/mnt/legacy/Clients/Rhod Williams/Marcus Foods 493-02707-2024/Client Documents/Marcus Food Co Email Archive/Ernesto/Ernesto 2018.pst,/mnt/ediscovery/986c0fee-1390-43bb-ad28-8cd1db6de53f/d389d889-4fe9-41c9-b74e-622d93d244f8/Client_Documents_—_Marcus_Food_Co_Email_Archive_—_Ernesto_—_Ernesto_2018,2026-06-14 01:05:13.979789+00:00
eabad27d-eb11-4a2f-b479-86cb427a4ebf,Client Documents — Marcus Food Co Email Archive — Ernesto — Ernesto 2024,review_ready,client_documents,0,2208,2208,/mnt/legacy/Clients/Rhod Williams/Marcus Foods 493-02707-2024/Client Documents/Marcus Food Co Email Archive/Ernesto/Ernesto 2024.pst,/mnt/ediscovery/986c0fee-1390-43bb-ad28-8cd1db6de53f/d389d889-4fe9-41c9-b74e-622d93d244f8/Client_Documents_—_Marcus_Food_Co_Email_Archive_—_Ernesto_—_Ernesto_2024,2026-06-14 01:05:13.979789+00:00
946fbedc-15a2-47c6-96a5-7089fa2a0ff4,Client Documents — Marcus Food Co Email Archive — Ernesto — Ernesto 2019,processing,client_documents,0,0,3835,/mnt/legacy/Clients/Rhod Williams/Marcus Foods 493-02707-2024/Client Documents/Marcus Food Co Email Archive/Ernesto/Ernesto 2019.pst,/mnt/ediscovery/986c0fee-1390-43bb-ad28-8cd1db6de53f/d389d889-4fe9-41c9-b74e-622d93d244f8/Client_Documents_—_Marcus_Food_Co_Email_Archive_—_Ernesto_—_Ernesto_2019,2026-06-14 01:05:13.979789+00:00
430b5c65-1294-4df1-af19-e7d174de79f2,Client Documents — Marcus Food Co Email Archive — Maricela — Maricela 2021,processing,client_documents,0,0,7515,/mnt/legacy/Clients/Rhod Williams/Marcus Foods 493-02707-2024/Client Documents/Marcus Food Co Email Archive/Maricela/Maricela 2021.pst,/mnt/ediscovery/986c0fee-1390-43bb-ad28-8cd1db6de53f/d389d889-4fe9-41c9-b74e-622d93d244f8/Client_Documents_—_Marcus_Food_Co_Email_Archive_—_Maricela_—_Maricela_2021,2026-06-14 01:05:14.002785+00:00
03f8c4b3-d141-404b-be06-75db58959bb3,Client Documents — Marcus Food Co Email Archive — Maricela — Maricela 2022,review_ready,client_documents,0,10768,10768,/mnt/legacy/Clients/Rhod Williams/Marcus Foods 493-02707-2024/Client Documents/Marcus Food Co Email Archive/Maricela/Maricela 2022.pst,/mnt/ediscovery/986c0fee-1390-43bb-ad28-8cd1db6de53f/d389d889-4fe9-41c9-b74e-622d93d244f8/Client_Documents_—_Marcus_Food_Co_Email_Archive_—_Maricela_—_Maricela_2022,2026-06-14 01:05:14.002785+00:00
0974922d-7655-4c34-adcb-2d31dcfe8137,Client Documents — Marcus Food Co Email Archive — Maricela — Maricela 2020,review_ready,client_documents,0,4582,4582,/mnt/legacy/Clients/Rhod Williams/Marcus Foods 493-02707-2024/Client Documents/Marcus Food Co Email Archive/Maricela/Maricela 2020.pst,/mnt/ediscovery/986c0fee-1390-43bb-ad28-8cd1db6de53f/d389d889-4fe9-41c9-b74e-622d93d244f8/Client_Documents_—_Marcus_Food_Co_Email_Archive_—_Maricela_—_Maricela_2020,2026-06-14 01:05:14.002785+00:00
6c81826e-49e2-4f4f-8491-6d6662977a2f,Client Documents — Marcus Food Co Email Archive — Maricela — Maricela 2024,review_ready,client_documents,0,860,860,/mnt/legacy/Clients/Rhod Williams/Marcus Foods 493-02707-2024/Client Documents/Marcus Food Co Email Archive/Maricela/Maricela 2024.pst,/mnt/ediscovery/986c0fee-1390-43bb-ad28-8cd1db6de53f/d389d889-4fe9-41c9-b74e-622d93d244f8/Client_Documents_—_Marcus_Food_Co_Email_Archive_—_Maricela_—_Maricela_2024,2026-06-14 01:05:14.002785+00:00
14f21587-6896-480c-a460-3d44f2ccebeb,Client Documents — Marcus Food Co Email Archive — Maricela — Maricela 2019,review_ready,client_documents,0,1351,1351,/mnt/legacy/Clients/Rhod Williams/Marcus Foods 493-02707-2024/Client Documents/Marcus Food Co Email Archive/Maricela/Maricela 2019.pst,/mnt/ediscovery/986c0fee-1390-43bb-ad28-8cd1db6de53f/d389d889-4fe9-41c9-b74e-622d93d244f8/Client_Documents_—_Marcus_Food_Co_Email_Archive_—_Maricela_—_Maricela_2019,2026-06-14 01:05:14.002785+00:00
90dea7cd-2240-4f0b-8d8f-f7e28f009db3,Client Documents — Marcus Food Co Email Archive — Maricela — Maricela 2023,review_ready,client_documents,0,10540,10540,/mnt/legacy/Clients/Rhod Williams/Marcus Foods 493-02707-2024/Client Documents/Marcus Food Co Email Archive/Maricela/Maricela 2023.pst,/mnt/ediscovery/986c0fee-1390-43bb-ad28-8cd1db6de53f/d389d889-4fe9-41c9-b74e-622d93d244f8/Client_Documents_—_Marcus_Food_Co_Email_Archive_—_Maricela_—_Maricela_2023,2026-06-14 01:05:14.002785+00:00
8c3f39a1-b831-4e13-911a-59d585f732ee,Client Documents — Marcus Food Co Email Archive — Maricela — Maricela 2018,review_ready,client_documents,0,1,1,/mnt/legacy/Clients/Rhod Williams/Marcus Foods 493-02707-2024/Client Documents/Marcus Food Co Email Archive/Maricela/Maricela 2018.pst,/mnt/ediscovery/986c0fee-1390-43bb-ad28-8cd1db6de53f/d389d889-4fe9-41c9-b74e-622d93d244f8/Client_Documents_—_Marcus_Food_Co_Email_Archive_—_Maricela_—_Maricela_2018,2026-06-14 01:05:14.002785+00:00
0369edc0-dcf3-41c2-9dc9-ada98fb206e7,Client Documents — Marcus Food Co Email Archive — Steve — Steve 2019,processing,client_documents,0,0,9231,/mnt/legacy/Clients/Rhod Williams/Marcus Foods 493-02707-2024/Client Documents/Marcus Food Co Email Archive/Steve/Steve 2019.pst,/mnt/ediscovery/986c0fee-1390-43bb-ad28-8cd1db6de53f/d389d889-4fe9-41c9-b74e-622d93d244f8/Client_Documents_—_Marcus_Food_Co_Email_Archive_—_Steve_—_Steve_2019,2026-06-14 01:05:14.043673+00:00
20836bf1-84ef-4cc4-9d34-9f57095632bd,Client Documents — Marcus Food Co Email Archive — Steve — Steve 2020,review_ready,client_documents,0,7145,7145,/mnt/legacy/Clients/Rhod Williams/Marcus Foods 493-02707-2024/Client Documents/Marcus Food Co Email Archive/Steve/Steve 2020.pst,/mnt/ediscovery/986c0fee-1390-43bb-ad28-8cd1db6de53f/d389d889-4fe9-41c9-b74e-622d93d244f8/Client_Documents_—_Marcus_Food_Co_Email_Archive_—_Steve_—_Steve_2020,2026-06-14 01:05:14.043673+00:00
e84bd17e-2e33-4b15-9a0f-31846fe9867d,Client Documents — Marcus Food Co Email Archive — Steve — Steve 2018,review_ready,client_documents,0,500,500,/mnt/legacy/Clients/Rhod Williams/Marcus Foods 493-02707-2024/Client Documents/Marcus Food Co Email Archive/Steve/Steve 2018.pst,/mnt/ediscovery/986c0fee-1390-43bb-ad28-8cd1db6de53f/d389d889-4fe9-41c9-b74e-622d93d244f8/Client_Documents_—_Marcus_Food_Co_Email_Archive_—_Steve_—_Steve_2018,2026-06-14 01:05:14.043673+00:00
34cedc8d-e912-46eb-8a4d-c66096394522,Client Documents — Marcus Food Co Email Archive — Steve — Steve 2022,review_ready,client_documents,0,12052,12052,/mnt/legacy/Clients/Rhod Williams/Marcus Foods 493-02707-2024/Client Documents/Marcus Food Co Email Archive/Steve/Steve 2022.pst,/mnt/ediscovery/986c0fee-1390-43bb-ad28-8cd1db6de53f/d389d889-4fe9-41c9-b74e-622d93d244f8/Client_Documents_—_Marcus_Food_Co_Email_Archive_—_Steve_—_Steve_2022,2026-06-14 01:05:14.043673+00:00
66e51ec2-9c4c-4c57-b6c3-5c5913ba8269,Client Documents — Marcus Food Co Email Archive — Steve — Steve 2021,review_ready,client_documents,0,9370,9370,/mnt/legacy/Clients/Rhod Williams/Marcus Foods 493-02707-2024/Client Documents/Marcus Food Co Email Archive/Steve/Steve 2021.pst,/mnt/ediscovery/986c0fee-1390-43bb-ad28-8cd1db6de53f/d389d889-4fe9-41c9-b74e-622d93d244f8/Client_Documents_—_Marcus_Food_Co_Email_Archive_—_Steve_—_Steve_2021,2026-06-14 01:05:14.043673+00:00
7949a606-e398-45fe-bc5f-8570bc64cbbe,Client Documents — Marcus Food Co Email Archive — Steve — Steve 2023,review_ready,client_documents,0,8571,8571,/mnt/legacy/Clients/Rhod Williams/Marcus Foods 493-02707-2024/Client Documents/Marcus Food Co Email Archive/Steve/Steve 2023.pst,/mnt/ediscovery/986c0fee-1390-43bb-ad28-8cd1db6de53f/d389d889-4fe9-41c9-b74e-622d93d244f8/Client_Documents_—_Marcus_Food_Co_Email_Archive_—_Steve_—_Steve_2023,2026-06-14 01:05:14.043673+00:00
8982ac08-5e2b-41d9-a790-37fc714f2bda,Client Documents — Marcus Food Co Email Archive — Steve — Steve 2024,processing,client_documents,0,0,3373,/mnt/legacy/Clients/Rhod Williams/Marcus Foods 493-02707-2024/Client Documents/Marcus Food Co Email Archive/Steve/Steve 2024.pst,/mnt/ediscovery/986c0fee-1390-43bb-ad28-8cd1db6de53f/d389d889-4fe9-41c9-b74e-622d93d244f8/Client_Documents_—_Marcus_Food_Co_Email_Archive_—_Steve_—_Steve_2024,2026-06-14 01:05:14.043673+00:00
055d691a-c445-4ae0-8f8b-c4bf169df0c6,Client Documents — PO — NUMERO DE ALIMENTOS  POs 20601 - 24500),review_ready,client_documents,0,1,1,/mnt/legacy/Clients/Rhod Williams/Marcus Foods 493-02707-2024/Client Documents/PO/NUMERO DE ALIMENTOS  POs 20601 - 24500),/mnt/ediscovery/986c0fee-1390-43bb-ad28-8cd1db6de53f/d389d889-4fe9-41c9-b74e-622d93d244f8/Client_Documents_—_PO_—_NUMERO_DE_ALIMENTOS__POs_20601_-_24500),2026-06-14 01:05:14.129469+00:00
e3b237d3-b215-484e-a7e9-e87d2862095a,Client Documents — PO — 24201 - 24300,review_ready,client_documents,0,1283,1283,/mnt/legacy/Clients/Rhod Williams/Marcus Foods 493-02707-2024/Client Documents/PO/24201 - 24300,/mnt/ediscovery/986c0fee-1390-43bb-ad28-8cd1db6de53f/d389d889-4fe9-41c9-b74e-622d93d244f8/Client_Documents_—_PO_—_24201_-_24300,2026-06-14 01:05:14.129469+00:00
8ecdf526-2f06-4b15-97fb-8000e7473021,Client Documents — PO — 1000 --20000,review_ready,client_documents,0,69706,69706,/mnt/legacy/Clients/Rhod Williams/Marcus Foods 493-02707-2024/Client Documents/PO/1000 --20000,/mnt/ediscovery/986c0fee-1390-43bb-ad28-8cd1db6de53f/d389d889-4fe9-41c9-b74e-622d93d244f8/Client_Documents_—_PO_—_1000_--20000,2026-06-14 01:05:14.129469+00:00
c0b8e84d-2688-4dc6-865e-c345df826101,Client Documents — PO — 24601 - 24700,review_ready,client_documents,0,170,170,/mnt/legacy/Clients/Rhod Williams/Marcus Foods 493-02707-2024/Client Documents/PO/24601 - 24700,/mnt/ediscovery/986c0fee-1390-43bb-ad28-8cd1db6de53f/d389d889-4fe9-41c9-b74e-622d93d244f8/Client_Documents_—_PO_—_24601_-_24700,2026-06-14 01:05:14.129469+00:00
57ca4054-eff1-4e5d-9131-c783c85b4e70,Client Documents — PO — 24401 - 24500,review_ready,client_documents,0,671,671,/mnt/legacy/Clients/Rhod Williams/Marcus Foods 493-02707-2024/Client Documents/PO/24401 - 24500,/mnt/ediscovery/986c0fee-1390-43bb-ad28-8cd1db6de53f/d389d889-4fe9-41c9-b74e-622d93d244f8/Client_Documents_—_PO_—_24401_-_24500,2026-06-14 01:05:14.129469+00:00
eebf07e4-69ff-4b29-88c7-17db8e6a4668,Client Documents — PO — 24101 - 24200,review_ready,client_documents,0,1216,1216,/mnt/legacy/Clients/Rhod Williams/Marcus Foods 493-02707-2024/Client Documents/PO/24101 - 24200,/mnt/ediscovery/986c0fee-1390-43bb-ad28-8cd1db6de53f/d389d889-4fe9-41c9-b74e-622d93d244f8/Client_Documents_—_PO_—_24101_-_24200,2026-06-14 01:05:14.129469+00:00
25cd36cc-79b9-4f10-a582-7f4ba6659afa,Client Documents — PO — 20001 -- 21000,review_ready,client_documents,0,4691,4691,/mnt/legacy/Clients/Rhod Williams/Marcus Foods 493-02707-2024/Client Documents/PO/20001 -- 21000,/mnt/ediscovery/986c0fee-1390-43bb-ad28-8cd1db6de53f/d389d889-4fe9-41c9-b74e-622d93d244f8/Client_Documents_—_PO_—_20001_--_21000,2026-06-14 01:05:14.129469+00:00
e5229087-d077-4186-8b59-ff1596210f7a,Client Documents — PO — 24301 - 24400,review_ready,client_documents,0,1163,1163,/mnt/legacy/Clients/Rhod Williams/Marcus Foods 493-02707-2024/Client Documents/PO/24301 - 24400,/mnt/ediscovery/986c0fee-1390-43bb-ad28-8cd1db6de53f/d389d889-4fe9-41c9-b74e-622d93d244f8/Client_Documents_—_PO_—_24301_-_24400,2026-06-14 01:05:14.129469+00:00
2c4401d6-6324-4713-a0f4-feef46cb76ca,Client Documents — PO — 24001 - 24100,review_ready,client_documents,0,704,704,/mnt/legacy/Clients/Rhod Williams/Marcus Foods 493-02707-2024/Client Documents/PO/24001 - 24100,/mnt/ediscovery/986c0fee-1390-43bb-ad28-8cd1db6de53f/d389d889-4fe9-41c9-b74e-622d93d244f8/Client_Documents_—_PO_—_24001_-_24100,2026-06-14 01:05:14.129469+00:00
59d98a8f-e6d0-408b-a32f-af6da5a340ed,Client Documents — PO — 21001 -- 24000,review_ready,client_documents,0,14123,14123,/mnt/legacy/Clients/Rhod Williams/Marcus Foods 493-02707-2024/Client Documents/PO/21001 -- 24000,/mnt/ediscovery/986c0fee-1390-43bb-ad28-8cd1db6de53f/d389d889-4fe9-41c9-b74e-622d93d244f8/Client_Documents_—_PO_—_21001_--_24000,2026-06-14 01:05:14.129469+00:00
aa2aa983-c933-4015-811f-af434dcd2106,Client Documents — PO — 24501 - 24600,review_ready,client_documents,0,359,359,/mnt/legacy/Clients/Rhod Williams/Marcus Foods 493-02707-2024/Client Documents/PO/24501 - 24600,/mnt/ediscovery/986c0fee-1390-43bb-ad28-8cd1db6de53f/d389d889-4fe9-41c9-b74e-622d93d244f8/Client_Documents_—_PO_—_24501_-_24600,2026-06-14 01:05:14.129469+00:00
56fc27ae-156c-4b06-99a6-33ecf59b7e1b,Client Documents — Marcus Food Co Email Archive — Veronica — Veronica 2020,processing,client_documents,0,0,6331,/mnt/legacy/Clients/Rhod Williams/Marcus Foods 493-02707-2024/Client Documents/Marcus Food Co Email Archive/Veronica/Veronica 2020.pst,/mnt/ediscovery/986c0fee-1390-43bb-ad28-8cd1db6de53f/d389d889-4fe9-41c9-b74e-622d93d244f8/Client_Documents_—_Marcus_Food_Co_Email_Archive_—_Veronica_—_Veronica_2020,2026-06-14 01:05:15.254042+00:00
7174edb8-fd9f-40c0-ae76-8b50b8b9af50,Client Documents — Marcus Food Co Email Archive — Veronica — Veronica 2021,review_ready,client_documents,0,5788,5788,/mnt/legacy/Clients/Rhod Williams/Marcus Foods 493-02707-2024/Client Documents/Marcus Food Co Email Archive/Veronica/Veronica 2021.pst,/mnt/ediscovery/986c0fee-1390-43bb-ad28-8cd1db6de53f/d389d889-4fe9-41c9-b74e-622d93d244f8/Client_Documents_—_Marcus_Food_Co_Email_Archive_—_Veronica_—_Veronica_2021,2026-06-14 01:05:15.254042+00:00
79aecc5b-d49a-4d61-a8c0-3d301a473fc5,Client Documents — Marcus Food Co Email Archive — Veronica — Veronica 2023,processing,client_documents,0,0,4337,/mnt/legacy/Clients/Rhod Williams/Marcus Foods 493-02707-2024/Client Documents/Marcus Food Co Email Archive/Veronica/Veronica 2023.pst,/mnt/ediscovery/986c0fee-1390-43bb-ad28-8cd1db6de53f/d389d889-4fe9-41c9-b74e-622d93d244f8/Client_Documents_—_Marcus_Food_Co_Email_Archive_—_Veronica_—_Veronica_2023,2026-06-14 01:05:15.254042+00:00
50831c80-c1d8-4e86-9095-8aab1a448ca2,Client Documents — Marcus Food Co Email Archive — Veronica — Veronica 2019,review_ready,client_documents,0,3471,3471,/mnt/legacy/Clients/Rhod Williams/Marcus Foods 493-02707-2024/Client Documents/Marcus Food Co Email Archive/Veronica/Veronica 2019.pst,/mnt/ediscovery/986c0fee-1390-43bb-ad28-8cd1db6de53f/d389d889-4fe9-41c9-b74e-622d93d244f8/Client_Documents_—_Marcus_Food_Co_Email_Archive_—_Veronica_—_Veronica_2019,2026-06-14 01:05:15.254042+00:00
18c48827-bbae-4fce-9392-bab7b9f9fd7f,Client Documents — Marcus Food Co Email Archive — Veronica — Veronica 2018,review_ready,client_documents,0,2272,2272,/mnt/legacy/Clients/Rhod Williams/Marcus Foods 493-02707-2024/Client Documents/Marcus Food Co Email Archive/Veronica/Veronica 2018.pst,/mnt/ediscovery/986c0fee-1390-43bb-ad28-8cd1db6de53f/d389d889-4fe9-41c9-b74e-622d93d244f8/Client_Documents_—_Marcus_Food_Co_Email_Archive_—_Veronica_—_Veronica_2018,2026-06-14 01:05:15.254042+00:00
ab653656-f4af-48e5-9df2-42cc7c71c1ba,Client Documents — Marcus Food Co Email Archive — Veronica — Veronica 2022,review_ready,client_documents,0,4620,4620,/mnt/legacy/Clients/Rhod Williams/Marcus Foods 493-02707-2024/Client Documents/Marcus Food Co Email Archive/Veronica/Veronica 2022.pst,/mnt/ediscovery/986c0fee-1390-43bb-ad28-8cd1db6de53f/d389d889-4fe9-41c9-b74e-622d93d244f8/Client_Documents_—_Marcus_Food_Co_Email_Archive_—_Veronica_—_Veronica_2022,2026-06-14 01:05:15.254042+00:00
ef2203ea-b287-49c6-b295-2568330ad2e2,Client Documents — Marcus Food Co Email Archive — Veronica — Veronica 2024,processing,client_documents,0,0,1217,/mnt/legacy/Clients/Rhod Williams/Marcus Foods 493-02707-2024/Client Documents/Marcus Food Co Email Archive/Veronica/Veronica 2024.pst,/mnt/ediscovery/986c0fee-1390-43bb-ad28-8cd1db6de53f/d389d889-4fe9-41c9-b74e-622d93d244f8/Client_Documents_—_Marcus_Food_Co_Email_Archive_—_Veronica_—_Veronica_2024,2026-06-14 01:05:15.254042+00:00
8f5a80b8-b5a6-443a-9994-8c7ab456b19e,Veronica Email,processing,client_documents,0,0,30409,"/mnt/legacy/Clients/Rhod Williams/Marcus Foods 493-02707-2024/Client Documents/Marcus Food Co Email Archive/Veronica/Veronica 2018.pst,/mnt/legacy/Clients/Rhod Williams/Marcus Foods 493-02707-2024/Client Documents/Marcus Food Co Email Archive/Veronica/Veronica 2019.pst,/mnt/legacy/Clients/Rhod Williams/Marcus Foods 493-02707-2024/Client Documents/Marcus Food Co Email Archive/Veronica/Veronica 2020.pst,/mnt/legacy/Clients/Rhod Williams/Marcus Foods 493-02707-2024/Client Documents/Marcus Food Co Email Archive/Veronica/Veronica 2021.pst,/mnt/legacy/Clients/Rhod Williams/Marcus Foods 493-02707-2024/Client Documents/Marcus Food Co Email Archive/Veronica/Veronica 2022.pst,/mnt/legacy/Clients/Rhod Williams/Marcus Foods 493-02707-2024/Client Documents/Marcus Food Co Email Archive/Veronica/Veronica 2023.pst,/mnt/legacy/Clients/Rhod Williams/Marcus Foods 493-02707-2024/Client Documents/Marcus Food Co Email Archive/Veronica/Veronica 2024.pst",/mnt/ediscovery/986c0fee-1390-43bb-ad28-8cd1db6de53f/d389d889-4fe9-41c9-b74e-622d93d244f8/Veronica_Email,2026-06-14 01:06:42.565896+00:00
80958542-5eab-4bcb-b67f-9a55a0e65d88,Client Documents — PO — 1000 --20000 — 9301 - 9400,review_ready,client_documents,0,478,478,/mnt/legacy/Clients/Rhod Williams/Marcus Foods 493-02707-2024/Client Documents/PO/1000 --20000/9301 - 9400,/mnt/ediscovery/986c0fee-1390-43bb-ad28-8cd1db6de53f/d389d889-4fe9-41c9-b74e-622d93d244f8/Client_Documents_—_PO_—_1000_--20000_—_9301_-_9400,2026-06-14 01:28:20.551143+00:00
a954acde-ae05-444e-8b07-832c7fcc80c8,Client Documents — PO — 1000 --20000 — 9901 - 10000,review_ready,client_documents,0,440,440,/mnt/legacy/Clients/Rhod Williams/Marcus Foods 493-02707-2024/Client Documents/PO/1000 --20000/9901 - 10000,/mnt/ediscovery/986c0fee-1390-43bb-ad28-8cd1db6de53f/d389d889-4fe9-41c9-b74e-622d93d244f8/Client_Documents_—_PO_—_1000_--20000_—_9901_-_10000,2026-06-14 01:28:20.551143+00:00
b692e5a3-834e-4b39-8654-b79f61b8a47b,Client Documents — PO — 1000 --20000 — 1000 - 2000,review_ready,client_documents,0,1,1,/mnt/legacy/Clients/Rhod Williams/Marcus Foods 493-02707-2024/Client Documents/PO/1000 --20000/1000 - 2000,/mnt/ediscovery/986c0fee-1390-43bb-ad28-8cd1db6de53f/d389d889-4fe9-41c9-b74e-622d93d244f8/Client_Documents_—_PO_—_1000_--20000_—_1000_-_2000,2026-06-14 01:28:20.551143+00:00
d3405d39-92bc-4c1c-ab2e-35a581e74ab3,Client Documents — PO — 1000 --20000 — 17001  -- 18000,review_ready,client_documents,0,4507,4507,/mnt/legacy/Clients/Rhod Williams/Marcus Foods 493-02707-2024/Client Documents/PO/1000 --20000/17001  -- 18000,/mnt/ediscovery/986c0fee-1390-43bb-ad28-8cd1db6de53f/d389d889-4fe9-41c9-b74e-622d93d244f8/Client_Documents_—_PO_—_1000_--20000_—_17001__--_18000,2026-06-14 01:28:20.551143+00:00
872b68e1-cb2f-4a4d-a932-c1aa8dbabfe0,Client Documents — PO — 1000 --20000 — 18001 -- 19000,review_ready,client_documents,0,4506,4506,/mnt/legacy/Clients/Rhod Williams/Marcus Foods 493-02707-2024/Client Documents/PO/1000 --20000/18001 -- 19000,/mnt/ediscovery/986c0fee-1390-43bb-ad28-8cd1db6de53f/d389d889-4fe9-41c9-b74e-622d93d244f8/Client_Documents_—_PO_—_1000_--20000_—_18001_--_19000,2026-06-14 01:28:20.551143+00:00
7c84188d-e6ec-4ea9-a8bc-236fa3de3f6b,Client Documents — PO — 1000 --20000 — 19001 -- 20000,review_ready,client_documents,0,4434,4434,/mnt/legacy/Clients/Rhod Williams/Marcus Foods 493-02707-2024/Client Documents/PO/1000 --20000/19001 -- 20000,/mnt/ediscovery/986c0fee-1390-43bb-ad28-8cd1db6de53f/d389d889-4fe9-41c9-b74e-622d93d244f8/Client_Documents_—_PO_—_1000_--20000_—_19001_--_20000,2026-06-14 01:28:20.551143+00:00
310f796c-c89a-4bee-a39e-183db9a099e4,Client Documents — PO — 1000 --20000 — 4001 - 5000,review_ready,client_documents,0,2,2,/mnt/legacy/Clients/Rhod Williams/Marcus Foods 493-02707-2024/Client Documents/PO/1000 --20000/4001 - 5000,/mnt/ediscovery/986c0fee-1390-43bb-ad28-8cd1db6de53f/d389d889-4fe9-41c9-b74e-622d93d244f8/Client_Documents_—_PO_—_1000_--20000_—_4001_-_5000,2026-06-14 01:28:20.551143+00:00
f8224a19-c76b-4086-acfd-e335563b289e,Client Documents — PO — 1000 --20000 — 8401 - 8500,review_ready,client_documents,0,576,576,/mnt/legacy/Clients/Rhod Williams/Marcus Foods 493-02707-2024/Client Documents/PO/1000 --20000/8401 - 8500,/mnt/ediscovery/986c0fee-1390-43bb-ad28-8cd1db6de53f/d389d889-4fe9-41c9-b74e-622d93d244f8/Client_Documents_—_PO_—_1000_--20000_—_8401_-_8500,2026-06-14 01:28:20.551143+00:00
8ea9b733-4b1e-438e-9dc1-0b47be4e9b07,Client Documents — PO — 1000 --20000 — 14001 -- 15000,review_ready,client_documents,0,4603,4603,/mnt/legacy/Clients/Rhod Williams/Marcus Foods 493-02707-2024/Client Documents/PO/1000 --20000/14001 -- 15000,/mnt/ediscovery/986c0fee-1390-43bb-ad28-8cd1db6de53f/d389d889-4fe9-41c9-b74e-622d93d244f8/Client_Documents_—_PO_—_1000_--20000_—_14001_--_15000,2026-06-14 01:28:20.551143+00:00
c5245ec0-e2e3-4020-8654-1f476e5a1f50,Client Documents — PO — 1000 --20000 — 11001 -- 12000,review_ready,client_documents,0,4636,4636,/mnt/legacy/Clients/Rhod Williams/Marcus Foods 493-02707-2024/Client Documents/PO/1000 --20000/11001 -- 12000,/mnt/ediscovery/986c0fee-1390-43bb-ad28-8cd1db6de53f/d389d889-4fe9-41c9-b74e-622d93d244f8/Client_Documents_—_PO_—_1000_--20000_—_11001_--_12000,2026-06-14 01:28:20.551143+00:00
8fbd5949-3a87-496d-85dc-2b50db693123,Client Documents — PO — 1000 --20000 — 15001 -- 16000,review_ready,client_documents,0,4971,4971,/mnt/legacy/Clients/Rhod Williams/Marcus Foods 493-02707-2024/Client Documents/PO/1000 --20000/15001 -- 16000,/mnt/ediscovery/986c0fee-1390-43bb-ad28-8cd1db6de53f/d389d889-4fe9-41c9-b74e-622d93d244f8/Client_Documents_—_PO_—_1000_--20000_—_15001_--_16000,2026-06-14 01:28:20.551143+00:00
e53a614a-5e75-4687-a01d-dc64fcb6e454,Client Documents — PO — 1000 --20000 — 16001 -- 17000,review_ready,client_documents,0,4649,4649,/mnt/legacy/Clients/Rhod Williams/Marcus Foods 493-02707-2024/Client Documents/PO/1000 --20000/16001 -- 17000,/mnt/ediscovery/986c0fee-1390-43bb-ad28-8cd1db6de53f/d389d889-4fe9-41c9-b74e-622d93d244f8/Client_Documents_—_PO_—_1000_--20000_—_16001_--_17000,2026-06-14 01:28:20.551143+00:00
c533cb93-e5fb-493b-a468-fe391cac94a5,Client Documents — PO — 1000 --20000 — 10001 -- 11000,review_ready,client_documents,0,4762,4762,/mnt/legacy/Clients/Rhod Williams/Marcus Foods 493-02707-2024/Client Documents/PO/1000 --20000/10001 -- 11000,/mnt/ediscovery/986c0fee-1390-43bb-ad28-8cd1db6de53f/d389d889-4fe9-41c9-b74e-622d93d244f8/Client_Documents_—_PO_—_1000_--20000_—_10001_--_11000,2026-06-14 01:28:20.551143+00:00
3a0960b7-9788-417f-8b52-bd3437bf34d1,Client Documents — PO — 1000 --20000 — 12001 -- 13000,review_ready,client_documents,0,4553,4553,/mnt/legacy/Clients/Rhod Williams/Marcus Foods 493-02707-2024/Client Documents/PO/1000 --20000/12001 -- 13000,/mnt/ediscovery/986c0fee-1390-43bb-ad28-8cd1db6de53f/d389d889-4fe9-41c9-b74e-622d93d244f8/Client_Documents_—_PO_—_1000_--20000_—_12001_--_13000,2026-06-14 01:28:20.551143+00:00
0cf93dde-01c6-4f1e-81f3-6f1ed57e1646,Client Documents — PO — 1000 --20000 — 13001 -- 14000,review_ready,client_documents,0,4550,4550,/mnt/legacy/Clients/Rhod Williams/Marcus Foods 493-02707-2024/Client Documents/PO/1000 --20000/13001 -- 14000,/mnt/ediscovery/986c0fee-1390-43bb-ad28-8cd1db6de53f/d389d889-4fe9-41c9-b74e-622d93d244f8/Client_Documents_—_PO_—_1000_--20000_—_13001_--_14000,2026-06-14 01:28:20.551143+00:00
5c44fbb4-61a5-4b8d-9d71-7fcb0f7d8968,Client Documents — PO — 1000 --20000 — 7001 - 8000,review_ready,client_documents,0,7245,7245,/mnt/legacy/Clients/Rhod Williams/Marcus Foods 493-02707-2024/Client Documents/PO/1000 --20000/7001 - 8000,/mnt/ediscovery/986c0fee-1390-43bb-ad28-8cd1db6de53f/d389d889-4fe9-41c9-b74e-622d93d244f8/Client_Documents_—_PO_—_1000_--20000_—_7001_-_8000,2026-06-14 01:28:20.551143+00:00
6f26571a-0a3b-4909-b51b-d79b27cfb9b6,Client Documents — PO — 1000 --20000 — 6001 - 7000,review_ready,client_documents,0,5963,5963,/mnt/legacy/Clients/Rhod Williams/Marcus Foods 493-02707-2024/Client Documents/PO/1000 --20000/6001 - 7000,/mnt/ediscovery/986c0fee-1390-43bb-ad28-8cd1db6de53f/d389d889-4fe9-41c9-b74e-622d93d244f8/Client_Documents_—_PO_—_1000_--20000_—_6001_-_7000,2026-06-14 01:28:20.551143+00:00
7507bfff-d8dd-47bf-94f2-3661b8607275,Client Documents — PO — 1000 --20000 — 8001 - 8100,review_ready,client_documents,0,605,605,/mnt/legacy/Clients/Rhod Williams/Marcus Foods 493-02707-2024/Client Documents/PO/1000 --20000/8001 - 8100,/mnt/ediscovery/986c0fee-1390-43bb-ad28-8cd1db6de53f/d389d889-4fe9-41c9-b74e-622d93d244f8/Client_Documents_—_PO_—_1000_--20000_—_8001_-_8100,2026-06-14 01:28:20.551143+00:00
2199b479-e644-4166-92ce-be75daddab13,Client Documents — PO — 1000 --20000 — 5001 - 6000,review_ready,client_documents,0,168,168,/mnt/legacy/Clients/Rhod Williams/Marcus Foods 493-02707-2024/Client Documents/PO/1000 --20000/5001 - 6000,/mnt/ediscovery/986c0fee-1390-43bb-ad28-8cd1db6de53f/d389d889-4fe9-41c9-b74e-622d93d244f8/Client_Documents_—_PO_—_1000_--20000_—_5001_-_6000,2026-06-14 01:28:20.551143+00:00
419332b8-a4ee-4d69-9aba-513496289d39,Client Documents — PO — 1000 --20000 — 8101 - 8200,review_ready,client_documents,0,554,554,/mnt/legacy/Clients/Rhod Williams/Marcus Foods 493-02707-2024/Client Documents/PO/1000 --20000/8101 - 8200,/mnt/ediscovery/986c0fee-1390-43bb-ad28-8cd1db6de53f/d389d889-4fe9-41c9-b74e-622d93d244f8/Client_Documents_—_PO_—_1000_--20000_—_8101_-_8200,2026-06-14 01:28:20.551143+00:00
c63fc0b9-eee0-4df5-95eb-956b76ed4a3d,Client Documents — PO — 1000 --20000 — 8201 - 8300,review_ready,client_documents,0,543,543,/mnt/legacy/Clients/Rhod Williams/Marcus Foods 493-02707-2024/Client Documents/PO/1000 --20000/8201 - 8300,/mnt/ediscovery/986c0fee-1390-43bb-ad28-8cd1db6de53f/d389d889-4fe9-41c9-b74e-622d93d244f8/Client_Documents_—_PO_—_1000_--20000_—_8201_-_8300,2026-06-14 01:28:20.551143+00:00
a3f6a284-b32f-4e1b-b8b1-38e742785d02,Client Documents — PO — 1000 --20000 — 8901 - 9000,review_ready,client_documents,0,541,541,/mnt/legacy/Clients/Rhod Williams/Marcus Foods 493-02707-2024/Client Documents/PO/1000 --20000/8901 - 9000,/mnt/ediscovery/986c0fee-1390-43bb-ad28-8cd1db6de53f/d389d889-4fe9-41c9-b74e-622d93d244f8/Client_Documents_—_PO_—_1000_--20000_—_8901_-_9000,2026-06-14 01:28:20.551143+00:00
b1713887-5287-41c9-a686-96bb9d4aa2d0,Client Documents — PO — 1000 --20000 — 8801 - 8900,review_ready,client_documents,0,559,559,/mnt/legacy/Clients/Rhod Williams/Marcus Foods 493-02707-2024/Client Documents/PO/1000 --20000/8801 - 8900,/mnt/ediscovery/986c0fee-1390-43bb-ad28-8cd1db6de53f/d389d889-4fe9-41c9-b74e-622d93d244f8/Client_Documents_—_PO_—_1000_--20000_—_8801_-_8900,2026-06-14 01:28:20.551143+00:00
69af7082-2ad7-4d0a-86e6-4e7d65c175a5,Client Documents — PO — 1000 --20000 — 8601 - 8700,review_ready,client_documents,0,577,577,/mnt/legacy/Clients/Rhod Williams/Marcus Foods 493-02707-2024/Client Documents/PO/1000 --20000/8601 - 8700,/mnt/ediscovery/986c0fee-1390-43bb-ad28-8cd1db6de53f/d389d889-4fe9-41c9-b74e-622d93d244f8/Client_Documents_—_PO_—_1000_--20000_—_8601_-_8700,2026-06-14 01:28:20.551143+00:00
67a3effb-0e22-42b1-ac28-9b2b8561c840,Client Documents — PO — 1000 --20000 — 8301 - 8400,review_ready,client_documents,0,518,518,/mnt/legacy/Clients/Rhod Williams/Marcus Foods 493-02707-2024/Client Documents/PO/1000 --20000/8301 - 8400,/mnt/ediscovery/986c0fee-1390-43bb-ad28-8cd1db6de53f/d389d889-4fe9-41c9-b74e-622d93d244f8/Client_Documents_—_PO_—_1000_--20000_—_8301_-_8400,2026-06-14 01:28:20.551143+00:00
00de4994-d9fc-45bf-89e9-1eb57a1a95dc,Client Documents — PO — 1000 --20000 — 8501 - 8600,review_ready,client_documents,0,519,519,/mnt/legacy/Clients/Rhod Williams/Marcus Foods 493-02707-2024/Client Documents/PO/1000 --20000/8501 - 8600,/mnt/ediscovery/986c0fee-1390-43bb-ad28-8cd1db6de53f/d389d889-4fe9-41c9-b74e-622d93d244f8/Client_Documents_—_PO_—_1000_--20000_—_8501_-_8600,2026-06-14 01:28:20.551143+00:00
fd0f3eda-5b17-4bf2-ad14-a2ef8c65c9a6,Client Documents — PO — 1000 --20000 — 8701 - 8800,review_ready,client_documents,0,491,491,/mnt/legacy/Clients/Rhod Williams/Marcus Foods 493-02707-2024/Client Documents/PO/1000 --20000/8701 - 8800,/mnt/ediscovery/986c0fee-1390-43bb-ad28-8cd1db6de53f/d389d889-4fe9-41c9-b74e-622d93d244f8/Client_Documents_—_PO_—_1000_--20000_—_8701_-_8800,2026-06-14 01:28:20.551143+00:00
6d4c96c5-1916-45c3-8607-3fdb40127697,Client Documents — PO — 1000 --20000 — 9001 - 9100,review_ready,client_documents,0,468,468,/mnt/legacy/Clients/Rhod Williams/Marcus Foods 493-02707-2024/Client Documents/PO/1000 --20000/9001 - 9100,/mnt/ediscovery/986c0fee-1390-43bb-ad28-8cd1db6de53f/d389d889-4fe9-41c9-b74e-622d93d244f8/Client_Documents_—_PO_—_1000_--20000_—_9001_-_9100,2026-06-14 01:28:20.551143+00:00
d888007a-ac51-42a0-9f3b-9b331f5a6c3b,Client Documents — PO — 1000 --20000 — 9101 - 9200,review_ready,client_documents,0,477,477,/mnt/legacy/Clients/Rhod Williams/Marcus Foods 493-02707-2024/Client Documents/PO/1000 --20000/9101 - 9200,/mnt/ediscovery/986c0fee-1390-43bb-ad28-8cd1db6de53f/d389d889-4fe9-41c9-b74e-622d93d244f8/Client_Documents_—_PO_—_1000_--20000_—_9101_-_9200,2026-06-14 01:28:20.551143+00:00
c82ae1e2-360f-4c81-9a05-040dc1c80367,Client Documents — PO — 1000 --20000 — 9201 - 9300,review_ready,client_documents,0,466,466,/mnt/legacy/Clients/Rhod Williams/Marcus Foods 493-02707-2024/Client Documents/PO/1000 --20000/9201 - 9300,/mnt/ediscovery/986c0fee-1390-43bb-ad28-8cd1db6de53f/d389d889-4fe9-41c9-b74e-622d93d244f8/Client_Documents_—_PO_—_1000_--20000_—_9201_-_9300,2026-06-14 01:28:20.551143+00:00
5e35972e-f030-496c-a07a-966769b278d4,Client Documents — PO — 1000 --20000 — 9701 - 9800,review_ready,client_documents,0,453,453,/mnt/legacy/Clients/Rhod Williams/Marcus Foods 493-02707-2024/Client Documents/PO/1000 --20000/9701 - 9800,/mnt/ediscovery/986c0fee-1390-43bb-ad28-8cd1db6de53f/d389d889-4fe9-41c9-b74e-622d93d244f8/Client_Documents_—_PO_—_1000_--20000_—_9701_-_9800,2026-06-14 01:28:20.551143+00:00
8010b7ae-f7da-4cda-9ff5-c8a0aa865b0c,Client Documents — PO — 1000 --20000 — 9401 - 9500,review_ready,client_documents,0,519,519,/mnt/legacy/Clients/Rhod Williams/Marcus Foods 493-02707-2024/Client Documents/PO/1000 --20000/9401 - 9500,/mnt/ediscovery/986c0fee-1390-43bb-ad28-8cd1db6de53f/d389d889-4fe9-41c9-b74e-622d93d244f8/Client_Documents_—_PO_—_1000_--20000_—_9401_-_9500,2026-06-14 01:28:20.551143+00:00
4a74efce-44fa-42eb-956f-8486df5c10b0,Client Documents — PO — 1000 --20000 — 9501 - 9600,review_ready,client_documents,0,454,454,/mnt/legacy/Clients/Rhod Williams/Marcus Foods 493-02707-2024/Client Documents/PO/1000 --20000/9501 - 9600,/mnt/ediscovery/986c0fee-1390-43bb-ad28-8cd1db6de53f/d389d889-4fe9-41c9-b74e-622d93d244f8/Client_Documents_—_PO_—_1000_--20000_—_9501_-_9600,2026-06-14 01:28:20.551143+00:00
6c9a5f08-c52f-4c31-86c9-0396b0ab97ce,Client Documents — PO — 1000 --20000 — 9601 - 9700,review_ready,client_documents,0,484,484,/mnt/legacy/Clients/Rhod Williams/Marcus Foods 493-02707-2024/Client Documents/PO/1000 --20000/9601 - 9700,/mnt/ediscovery/986c0fee-1390-43bb-ad28-8cd1db6de53f/d389d889-4fe9-41c9-b74e-622d93d244f8/Client_Documents_—_PO_—_1000_--20000_—_9601_-_9700,2026-06-14 01:28:20.551143+00:00
45237de0-98d3-4693-9dc3-3b0fd345c6cb,Client Documents — PO — 1000 --20000 — 9801 - 9900,review_ready,client_documents,0,434,434,/mnt/legacy/Clients/Rhod Williams/Marcus Foods 493-02707-2024/Client Documents/PO/1000 --20000/9801 - 9900,/mnt/ediscovery/986c0fee-1390-43bb-ad28-8cd1db6de53f/d389d889-4fe9-41c9-b74e-622d93d244f8/Client_Documents_—_PO_—_1000_--20000_—_9801_-_9900,2026-06-14 01:28:20.551143+00:00
9a51999a-6cbe-4380-b96c-f51c28c11770,Client Documents — PO — 20001 -- 21000 — 20501 -20600,review_ready,client_documents,0,497,497,/mnt/legacy/Clients/Rhod Williams/Marcus Foods 493-02707-2024/Client Documents/PO/20001 -- 21000/20501 -20600,/mnt/ediscovery/986c0fee-1390-43bb-ad28-8cd1db6de53f/d389d889-4fe9-41c9-b74e-622d93d244f8/Client_Documents_—_PO_—_20001_--_21000_—_20501_-20600,2026-06-14 01:28:23.618556+00:00
98dd0d05-4581-4d6c-a4d5-c44d73d9723f,Client Documents — PO — 20001 -- 21000 — 20401 - 20500,review_ready,client_documents,0,472,472,/mnt/legacy/Clients/Rhod Williams/Marcus Foods 493-02707-2024/Client Documents/PO/20001 -- 21000/20401 - 20500,/mnt/ediscovery/986c0fee-1390-43bb-ad28-8cd1db6de53f/d389d889-4fe9-41c9-b74e-622d93d244f8/Client_Documents_—_PO_—_20001_--_21000_—_20401_-_20500,2026-06-14 01:28:23.618556+00:00
40cefa11-a644-4f64-b040-518d9be9a9e0,Client Documents — PO — 20001 -- 21000 — 20701 - 20800,review_ready,client_documents,0,477,477,/mnt/legacy/Clients/Rhod Williams/Marcus Foods 493-02707-2024/Client Documents/PO/20001 -- 21000/20701 - 20800,/mnt/ediscovery/986c0fee-1390-43bb-ad28-8cd1db6de53f/d389d889-4fe9-41c9-b74e-622d93d244f8/Client_Documents_—_PO_—_20001_--_21000_—_20701_-_20800,2026-06-14 01:28:23.618556+00:00
0b1be8d7-8405-4f3e-9636-2fc7f087f939,Client Documents — PO — 20001 -- 21000 — 20301 - 20400,review_ready,client_documents,0,486,486,/mnt/legacy/Clients/Rhod Williams/Marcus Foods 493-02707-2024/Client Documents/PO/20001 -- 21000/20301 - 20400,/mnt/ediscovery/986c0fee-1390-43bb-ad28-8cd1db6de53f/d389d889-4fe9-41c9-b74e-622d93d244f8/Client_Documents_—_PO_—_20001_--_21000_—_20301_-_20400,2026-06-14 01:28:23.618556+00:00
ffb8269e-18fa-4711-afe4-9c000582ea3a,Client Documents — PO — 20001 -- 21000 — 20001 - 20100,review_ready,client_documents,0,476,476,/mnt/legacy/Clients/Rhod Williams/Marcus Foods 493-02707-2024/Client Documents/PO/20001 -- 21000/20001 - 20100,/mnt/ediscovery/986c0fee-1390-43bb-ad28-8cd1db6de53f/d389d889-4fe9-41c9-b74e-622d93d244f8/Client_Documents_—_PO_—_20001_--_21000_—_20001_-_20100,2026-06-14 01:28:23.618556+00:00
ab3d67f8-d05d-4da1-9eb1-ef1435aa8aca,Client Documents — PO — 20001 -- 21000 — 20201 - 20300,review_ready,client_documents,0,471,471,/mnt/legacy/Clients/Rhod Williams/Marcus Foods 493-02707-2024/Client Documents/PO/20001 -- 21000/20201 - 20300,/mnt/ediscovery/986c0fee-1390-43bb-ad28-8cd1db6de53f/d389d889-4fe9-41c9-b74e-622d93d244f8/Client_Documents_—_PO_—_20001_--_21000_—_20201_-_20300,2026-06-14 01:28:23.618556+00:00
d8df53fe-fdb7-46e0-bd83-caf2c418a172,Client Documents — PO — 20001 -- 21000 — 20101 - 20200,review_ready,client_documents,0,464,464,/mnt/legacy/Clients/Rhod Williams/Marcus Foods 493-02707-2024/Client Documents/PO/20001 -- 21000/20101 - 20200,/mnt/ediscovery/986c0fee-1390-43bb-ad28-8cd1db6de53f/d389d889-4fe9-41c9-b74e-622d93d244f8/Client_Documents_—_PO_—_20001_--_21000_—_20101_-_20200,2026-06-14 01:28:23.618556+00:00
b8316db0-fe8e-4b3b-8237-a72010065991,Client Documents — PO — 20001 -- 21000 — 20901 - 21000,review_ready,client_documents,0,464,464,/mnt/legacy/Clients/Rhod Williams/Marcus Foods 493-02707-2024/Client Documents/PO/20001 -- 21000/20901 - 21000,/mnt/ediscovery/986c0fee-1390-43bb-ad28-8cd1db6de53f/d389d889-4fe9-41c9-b74e-622d93d244f8/Client_Documents_—_PO_—_20001_--_21000_—_20901_-_21000,2026-06-14 01:28:23.618556+00:00
fc6758ef-e35d-4064-9e6d-9a1cc4e6638c,Client Documents — PO — 20001 -- 21000 — 20601 - 20700,review_ready,client_documents,0,425,425,/mnt/legacy/Clients/Rhod Williams/Marcus Foods 493-02707-2024/Client Documents/PO/20001 -- 21000/20601 - 20700,/mnt/ediscovery/986c0fee-1390-43bb-ad28-8cd1db6de53f/d389d889-4fe9-41c9-b74e-622d93d244f8/Client_Documents_—_PO_—_20001_--_21000_—_20601_-_20700,2026-06-14 01:28:23.618556+00:00
8fbc63e9-f203-4d45-a5c9-600b2d4f61a5,Client Documents — PO — 20001 -- 21000 — 20801 - 20900,review_ready,client_documents,0,459,459,/mnt/legacy/Clients/Rhod Williams/Marcus Foods 493-02707-2024/Client Documents/PO/20001 -- 21000/20801 - 20900,/mnt/ediscovery/986c0fee-1390-43bb-ad28-8cd1db6de53f/d389d889-4fe9-41c9-b74e-622d93d244f8/Client_Documents_—_PO_—_20001_--_21000_—_20801_-_20900,2026-06-14 01:28:23.618556+00:00
88f09f82-5290-4f30-945a-4a39ebed204d,Client Documents — PO — 21001 -- 24000 — 21001 - 21100,review_ready,client_documents,0,455,455,/mnt/legacy/Clients/Rhod Williams/Marcus Foods 493-02707-2024/Client Documents/PO/21001 -- 24000/21001 - 21100,/mnt/ediscovery/986c0fee-1390-43bb-ad28-8cd1db6de53f/d389d889-4fe9-41c9-b74e-622d93d244f8/Client_Documents_—_PO_—_21001_--_24000_—_21001_-_21100,2026-06-14 01:28:25.662198+00:00
c7f8b39b-a1d7-4c05-857f-a58e65487774,Client Documents — PO — 21001 -- 24000 — 21101 - 21200,review_ready,client_documents,0,448,448,/mnt/legacy/Clients/Rhod Williams/Marcus Foods 493-02707-2024/Client Documents/PO/21001 -- 24000/21101 - 21200,/mnt/ediscovery/986c0fee-1390-43bb-ad28-8cd1db6de53f/d389d889-4fe9-41c9-b74e-622d93d244f8/Client_Documents_—_PO_—_21001_--_24000_—_21101_-_21200,2026-06-14 01:28:25.662198+00:00
4ab6cb93-123d-4e0a-a132-6a17f9990c2b,Client Documents — PO — 21001 -- 24000 — 23301 - 23400,review_ready,client_documents,0,448,448,/mnt/legacy/Clients/Rhod Williams/Marcus Foods 493-02707-2024/Client Documents/PO/21001 -- 24000/23301 - 23400,/mnt/ediscovery/986c0fee-1390-43bb-ad28-8cd1db6de53f/d389d889-4fe9-41c9-b74e-622d93d244f8/Client_Documents_—_PO_—_21001_--_24000_—_23301_-_23400,2026-06-14 01:28:25.662198+00:00
79312ce5-52e9-4ad6-be0f-124d83e7338e,Client Documents — PO — 21001 -- 24000 — 21601 - 21700,review_ready,client_documents,0,464,464,/mnt/legacy/Clients/Rhod Williams/Marcus Foods 493-02707-2024/Client Documents/PO/21001 -- 24000/21601 - 21700,/mnt/ediscovery/986c0fee-1390-43bb-ad28-8cd1db6de53f/d389d889-4fe9-41c9-b74e-622d93d244f8/Client_Documents_—_PO_—_21001_--_24000_—_21601_-_21700,2026-06-14 01:28:25.662198+00:00
f17f17c9-c641-4f5b-84d4-1a80595271c4,Client Documents — PO — 21001 -- 24000 — 21201 - 21300,review_ready,client_documents,0,453,453,/mnt/legacy/Clients/Rhod Williams/Marcus Foods 493-02707-2024/Client Documents/PO/21001 -- 24000/21201 - 21300,/mnt/ediscovery/986c0fee-1390-43bb-ad28-8cd1db6de53f/d389d889-4fe9-41c9-b74e-622d93d244f8/Client_Documents_—_PO_—_21001_--_24000_—_21201_-_21300,2026-06-14 01:28:25.662198+00:00
660d91c8-f421-49ed-b8d2-6c02278a2287,Client Documents — PO — 21001 -- 24000 — 22001 - 23000,review_ready,client_documents,0,4551,4551,/mnt/legacy/Clients/Rhod Williams/Marcus Foods 493-02707-2024/Client Documents/PO/21001 -- 24000/22001 - 23000,/mnt/ediscovery/986c0fee-1390-43bb-ad28-8cd1db6de53f/d389d889-4fe9-41c9-b74e-622d93d244f8/Client_Documents_—_PO_—_21001_--_24000_—_22001_-_23000,2026-06-14 01:28:25.662198+00:00
b54bb457-26cc-4ef6-b087-1181ce7639e1,Client Documents — PO — 21001 -- 24000 — 23801 - 23900,review_ready,client_documents,0,441,441,/mnt/legacy/Clients/Rhod Williams/Marcus Foods 493-02707-2024/Client Documents/PO/21001 -- 24000/23801 - 23900,/mnt/ediscovery/986c0fee-1390-43bb-ad28-8cd1db6de53f/d389d889-4fe9-41c9-b74e-622d93d244f8/Client_Documents_—_PO_—_21001_--_24000_—_23801_-_23900,2026-06-14 01:28:25.662198+00:00
43996a41-3f0e-4ef1-a57e-fc55a89696ed,Client Documents — PO — 21001 -- 24000 — 21301 - 21400,review_ready,client_documents,0,461,461,/mnt/legacy/Clients/Rhod Williams/Marcus Foods 493-02707-2024/Client Documents/PO/21001 -- 24000/21301 - 21400,/mnt/ediscovery/986c0fee-1390-43bb-ad28-8cd1db6de53f/d389d889-4fe9-41c9-b74e-622d93d244f8/Client_Documents_—_PO_—_21001_--_24000_—_21301_-_21400,2026-06-14 01:28:25.662198+00:00
7bb27961-ae6f-46ad-a3fb-f64ff3fb3fe8,Client Documents — PO — 21001 -- 24000 — 21701 - 21800,review_ready,client_documents,0,511,511,/mnt/legacy/Clients/Rhod Williams/Marcus Foods 493-02707-2024/Client Documents/PO/21001 -- 24000/21701 - 21800,/mnt/ediscovery/986c0fee-1390-43bb-ad28-8cd1db6de53f/d389d889-4fe9-41c9-b74e-622d93d244f8/Client_Documents_—_PO_—_21001_--_24000_—_21701_-_21800,2026-06-14 01:28:25.662198+00:00
cffb8bfa-d39d-44f4-b725-3746face4599,Client Documents — PO — 21001 -- 24000 — 23201 - 23300,review_ready,client_documents,0,451,451,/mnt/legacy/Clients/Rhod Williams/Marcus Foods 493-02707-2024/Client Documents/PO/21001 -- 24000/23201 - 23300,/mnt/ediscovery/986c0fee-1390-43bb-ad28-8cd1db6de53f/d389d889-4fe9-41c9-b74e-622d93d244f8/Client_Documents_—_PO_—_21001_--_24000_—_23201_-_23300,2026-06-14 01:28:25.662198+00:00
b947c535-4f9b-4e3b-9a32-5698265e5f9d,Client Documents — PO — 21001 -- 24000 — 23001 - 23100,review_ready,client_documents,0,505,505,/mnt/legacy/Clients/Rhod Williams/Marcus Foods 493-02707-2024/Client Documents/PO/21001 -- 24000/23001 - 23100,/mnt/ediscovery/986c0fee-1390-43bb-ad28-8cd1db6de53f/d389d889-4fe9-41c9-b74e-622d93d244f8/Client_Documents_—_PO_—_21001_--_24000_—_23001_-_23100,2026-06-14 01:28:25.662198+00:00
045d2127-1484-43d1-ab99-ede22cf8b747,Client Documents — PO — 21001 -- 24000 — 23101-  23200,review_ready,client_documents,0,457,457,/mnt/legacy/Clients/Rhod Williams/Marcus Foods 493-02707-2024/Client Documents/PO/21001 -- 24000/23101-  23200,/mnt/ediscovery/986c0fee-1390-43bb-ad28-8cd1db6de53f/d389d889-4fe9-41c9-b74e-622d93d244f8/Client_Documents_—_PO_—_21001_--_24000_—_23101-__23200,2026-06-14 01:28:25.662198+00:00
679b690e-f29b-43ef-a6ae-48a677e577be,Client Documents — PO — 21001 -- 24000 — 21901 - 22000,review_ready,client_documents,0,479,479,/mnt/legacy/Clients/Rhod Williams/Marcus Foods 493-02707-2024/Client Documents/PO/21001 -- 24000/21901 - 22000,/mnt/ediscovery/986c0fee-1390-43bb-ad28-8cd1db6de53f/d389d889-4fe9-41c9-b74e-622d93d244f8/Client_Documents_—_PO_—_21001_--_24000_—_21901_-_22000,2026-06-14 01:28:25.662198+00:00
b1fa396d-543d-4dc8-9112-92657f3a853e,Client Documents — PO — 21001 -- 24000 — 23701 - 23800,review_ready,client_documents,0,449,449,/mnt/legacy/Clients/Rhod Williams/Marcus Foods 493-02707-2024/Client Documents/PO/21001 -- 24000/23701 - 23800,/mnt/ediscovery/986c0fee-1390-43bb-ad28-8cd1db6de53f/d389d889-4fe9-41c9-b74e-622d93d244f8/Client_Documents_—_PO_—_21001_--_24000_—_23701_-_23800,2026-06-14 01:28:25.662198+00:00
d8ba758b-293f-4fbb-8db4-635d0e4bb71a,Client Documents — PO — 21001 -- 24000 — 23501 - 23600,review_ready,client_documents,0,494,494,/mnt/legacy/Clients/Rhod Williams/Marcus Foods 493-02707-2024/Client Documents/PO/21001 -- 24000/23501 - 23600,/mnt/ediscovery/986c0fee-1390-43bb-ad28-8cd1db6de53f/d389d889-4fe9-41c9-b74e-622d93d244f8/Client_Documents_—_PO_—_21001_--_24000_—_23501_-_23600,2026-06-14 01:28:25.662198+00:00
9debe697-4684-4090-a2d6-f74716d62309,Client Documents — PO — 21001 -- 24000 — 23601 - 23700,review_ready,client_documents,0,555,555,/mnt/legacy/Clients/Rhod Williams/Marcus Foods 493-02707-2024/Client Documents/PO/21001 -- 24000/23601 - 23700,/mnt/ediscovery/986c0fee-1390-43bb-ad28-8cd1db6de53f/d389d889-4fe9-41c9-b74e-622d93d244f8/Client_Documents_—_PO_—_21001_--_24000_—_23601_-_23700,2026-06-14 01:28:25.662198+00:00
22682d67-c8a4-4f5d-a899-8e7e36068d8e,Client Documents — PO — 21001 -- 24000 — 23900 - 24000,review_ready,client_documents,0,595,595,/mnt/legacy/Clients/Rhod Williams/Marcus Foods 493-02707-2024/Client Documents/PO/21001 -- 24000/23900 - 24000,/mnt/ediscovery/986c0fee-1390-43bb-ad28-8cd1db6de53f/d389d889-4fe9-41c9-b74e-622d93d244f8/Client_Documents_—_PO_—_21001_--_24000_—_23900_-_24000,2026-06-14 01:28:25.662198+00:00
6286391e-b2d2-47de-a0e7-aebb0a290c34,Client Documents — PO — 21001 -- 24000 — 21501 - 21600,review_ready,client_documents,0,482,482,/mnt/legacy/Clients/Rhod Williams/Marcus Foods 493-02707-2024/Client Documents/PO/21001 -- 24000/21501 - 21600,/mnt/ediscovery/986c0fee-1390-43bb-ad28-8cd1db6de53f/d389d889-4fe9-41c9-b74e-622d93d244f8/Client_Documents_—_PO_—_21001_--_24000_—_21501_-_21600,2026-06-14 01:28:25.662198+00:00
c09e17b7-d81e-43cd-8a9c-34ee7e4a5bc0,Client Documents — PO — 21001 -- 24000 — 21801 - 21900,review_ready,client_documents,0,459,459,/mnt/legacy/Clients/Rhod Williams/Marcus Foods 493-02707-2024/Client Documents/PO/21001 -- 24000/21801 - 21900,/mnt/ediscovery/986c0fee-1390-43bb-ad28-8cd1db6de53f/d389d889-4fe9-41c9-b74e-622d93d244f8/Client_Documents_—_PO_—_21001_--_24000_—_21801_-_21900,2026-06-14 01:28:25.662198+00:00
48c016e3-e9a6-4033-8d3f-51706bd39360,Client Documents — PO — 21001 -- 24000 — 23401 - 23500,review_ready,client_documents,0,488,488,/mnt/legacy/Clients/Rhod Williams/Marcus Foods 493-02707-2024/Client Documents/PO/21001 -- 24000/23401 - 23500,/mnt/ediscovery/986c0fee-1390-43bb-ad28-8cd1db6de53f/d389d889-4fe9-41c9-b74e-622d93d244f8/Client_Documents_—_PO_—_21001_--_24000_—_23401_-_23500,2026-06-14 01:28:25.662198+00:00
ff3a62d5-8058-4112-89ad-e854bcd01374,Client Documents — PO — 21001 -- 24000 — 21401 - 21500,review_ready,client_documents,0,477,477,/mnt/legacy/Clients/Rhod Williams/Marcus Foods 493-02707-2024/Client Documents/PO/21001 -- 24000/21401 - 21500,/mnt/ediscovery/986c0fee-1390-43bb-ad28-8cd1db6de53f/d389d889-4fe9-41c9-b74e-622d93d244f8/Client_Documents_—_PO_—_21001_--_24000_—_21401_-_21500,2026-06-14 01:28:25.662198+00:00
4b281f46-c2ba-4879-b0fd-701bfd12d2da,Client Documents — PO — 1000 --20000 — 11001 -- 12000 — 11501 - 11600,review_ready,client_documents,0,385,385,/mnt/legacy/Clients/Rhod Williams/Marcus Foods 493-02707-2024/Client Documents/PO/1000 --20000/11001 -- 12000/11501 - 11600,/mnt/ediscovery/986c0fee-1390-43bb-ad28-8cd1db6de53f/d389d889-4fe9-41c9-b74e-622d93d244f8/Client_Documents_—_PO_—_1000_--20000_—_11001_--_12000_—_11501_-_11600,2026-06-14 01:37:29.061542+00:00
4c400e22-ef2b-46db-a94c-7b53b9dd4267,Client Documents — PO — 1000 --20000 — 11001 -- 12000 — 11101 - 11200,review_ready,client_documents,0,496,496,/mnt/legacy/Clients/Rhod Williams/Marcus Foods 493-02707-2024/Client Documents/PO/1000 --20000/11001 -- 12000/11101 - 11200,/mnt/ediscovery/986c0fee-1390-43bb-ad28-8cd1db6de53f/d389d889-4fe9-41c9-b74e-622d93d244f8/Client_Documents_—_PO_—_1000_--20000_—_11001_--_12000_—_11101_-_11200,2026-06-14 01:37:29.061542+00:00
d1260f20-ed79-4fe6-9e6e-7a9d526230bb,Client Documents — PO — 1000 --20000 — 11001 -- 12000 — 11901 - 12000,review_ready,client_documents,0,504,504,/mnt/legacy/Clients/Rhod Williams/Marcus Foods 493-02707-2024/Client Documents/PO/1000 --20000/11001 -- 12000/11901 - 12000,/mnt/ediscovery/986c0fee-1390-43bb-ad28-8cd1db6de53f/d389d889-4fe9-41c9-b74e-622d93d244f8/Client_Documents_—_PO_—_1000_--20000_—_11001_--_12000_—_11901_-_12000,2026-06-14 01:37:29.061542+00:00
40ce6d1a-30e4-4bb8-b398-0f0da01ba739,Client Documents — PO — 1000 --20000 — 11001 -- 12000 — 11201 - 11300,review_ready,client_documents,0,426,426,/mnt/legacy/Clients/Rhod Williams/Marcus Foods 493-02707-2024/Client Documents/PO/1000 --20000/11001 -- 12000/11201 - 11300,/mnt/ediscovery/986c0fee-1390-43bb-ad28-8cd1db6de53f/d389d889-4fe9-41c9-b74e-622d93d244f8/Client_Documents_—_PO_—_1000_--20000_—_11001_--_12000_—_11201_-_11300,2026-06-14 01:37:29.061542+00:00
1d05aae2-7964-44d7-8751-17a5c0b21fda,Client Documents — PO — 1000 --20000 — 11001 -- 12000 — 11801 - 11900,review_ready,client_documents,0,454,454,/mnt/legacy/Clients/Rhod Williams/Marcus Foods 493-02707-2024/Client Documents/PO/1000 --20000/11001 -- 12000/11801 - 11900,/mnt/ediscovery/986c0fee-1390-43bb-ad28-8cd1db6de53f/d389d889-4fe9-41c9-b74e-622d93d244f8/Client_Documents_—_PO_—_1000_--20000_—_11001_--_12000_—_11801_-_11900,2026-06-14 01:37:29.061542+00:00
49721137-bea9-4c56-81d9-07ae5e047532,Client Documents — PO — 1000 --20000 — 11001 -- 12000 — 11401 - 11500,review_ready,client_documents,0,483,483,/mnt/legacy/Clients/Rhod Williams/Marcus Foods 493-02707-2024/Client Documents/PO/1000 --20000/11001 -- 12000/11401 - 11500,/mnt/ediscovery/986c0fee-1390-43bb-ad28-8cd1db6de53f/d389d889-4fe9-41c9-b74e-622d93d244f8/Client_Documents_—_PO_—_1000_--20000_—_11001_--_12000_—_11401_-_11500,2026-06-14 01:37:29.061542+00:00
04457839-ea10-4e7f-b31c-96ab80e3a0f0,Client Documents — PO — 1000 --20000 — 11001 -- 12000 — 11001 - 11100,review_ready,client_documents,0,478,478,/mnt/legacy/Clients/Rhod Williams/Marcus Foods 493-02707-2024/Client Documents/PO/1000 --20000/11001 -- 12000/11001 - 11100,/mnt/ediscovery/986c0fee-1390-43bb-ad28-8cd1db6de53f/d389d889-4fe9-41c9-b74e-622d93d244f8/Client_Documents_—_PO_—_1000_--20000_—_11001_--_12000_—_11001_-_11100,2026-06-14 01:37:29.061542+00:00
20c91d1f-ea89-499d-ae0f-bb564f7c8847,Client Documents — PO — 1000 --20000 — 11001 -- 12000 — 11301 - 11400,review_ready,client_documents,0,477,477,/mnt/legacy/Clients/Rhod Williams/Marcus Foods 493-02707-2024/Client Documents/PO/1000 --20000/11001 -- 12000/11301 - 11400,/mnt/ediscovery/986c0fee-1390-43bb-ad28-8cd1db6de53f/d389d889-4fe9-41c9-b74e-622d93d244f8/Client_Documents_—_PO_—_1000_--20000_—_11001_--_12000_—_11301_-_11400,2026-06-14 01:37:29.061542+00:00
0db9e374-28e5-4b65-a051-56fdc101d607,Client Documents — PO — 1000 --20000 — 11001 -- 12000 — 11701 - 11800,review_ready,client_documents,0,484,484,/mnt/legacy/Clients/Rhod Williams/Marcus Foods 493-02707-2024/Client Documents/PO/1000 --20000/11001 -- 12000/11701 - 11800,/mnt/ediscovery/986c0fee-1390-43bb-ad28-8cd1db6de53f/d389d889-4fe9-41c9-b74e-622d93d244f8/Client_Documents_—_PO_—_1000_--20000_—_11001_--_12000_—_11701_-_11800,2026-06-14 01:37:29.061542+00:00
49b242da-62b4-4d9e-b6dc-8234213d6728,Client Documents — PO — 1000 --20000 — 11001 -- 12000 — 11601 - 11700,review_ready,client_documents,0,449,449,/mnt/legacy/Clients/Rhod Williams/Marcus Foods 493-02707-2024/Client Documents/PO/1000 --20000/11001 -- 12000/11601 - 11700,/mnt/ediscovery/986c0fee-1390-43bb-ad28-8cd1db6de53f/d389d889-4fe9-41c9-b74e-622d93d244f8/Client_Documents_—_PO_—_1000_--20000_—_11001_--_12000_—_11601_-_11700,2026-06-14 01:37:29.061542+00:00
2bb1b544-40a2-446a-a594-b37f10832267,Client Documents — PO — 1000 --20000 — 15001 -- 16000 — 15101 - 15200,review_ready,client_documents,0,494,494,/mnt/legacy/Clients/Rhod Williams/Marcus Foods 493-02707-2024/Client Documents/PO/1000 --20000/15001 -- 16000/15101 - 15200,/mnt/ediscovery/986c0fee-1390-43bb-ad28-8cd1db6de53f/d389d889-4fe9-41c9-b74e-622d93d244f8/Client_Documents_—_PO_—_1000_--20000_—_15001_--_16000_—_15101_-_15200,2026-06-14 01:39:26.203218+00:00
7d913fd3-b58d-4098-b3f3-31692bfd4a54,Client Documents — PO — 1000 --20000 — 15001 -- 16000 — 15401 - 15500,review_ready,client_documents,0,460,460,/mnt/legacy/Clients/Rhod Williams/Marcus Foods 493-02707-2024/Client Documents/PO/1000 --20000/15001 -- 16000/15401 - 15500,/mnt/ediscovery/986c0fee-1390-43bb-ad28-8cd1db6de53f/d389d889-4fe9-41c9-b74e-622d93d244f8/Client_Documents_—_PO_—_1000_--20000_—_15001_--_16000_—_15401_-_15500,2026-06-14 01:39:26.203218+00:00
ff431929-e4d1-4c88-afbe-ada707187efc,Client Documents — PO — 1000 --20000 — 15001 -- 16000 — 15801 - 15900,review_ready,client_documents,0,389,389,/mnt/legacy/Clients/Rhod Williams/Marcus Foods 493-02707-2024/Client Documents/PO/1000 --20000/15001 -- 16000/15801 - 15900,/mnt/ediscovery/986c0fee-1390-43bb-ad28-8cd1db6de53f/d389d889-4fe9-41c9-b74e-622d93d244f8/Client_Documents_—_PO_—_1000_--20000_—_15001_--_16000_—_15801_-_15900,2026-06-14 01:39:26.203218+00:00
72e41b8c-ecf1-4c67-a623-5e20b45b2cdf,Client Documents — PO — 1000 --20000 — 15001 -- 16000 — 15001  15100,review_ready,client_documents,0,449,449,/mnt/legacy/Clients/Rhod Williams/Marcus Foods 493-02707-2024/Client Documents/PO/1000 --20000/15001 -- 16000/15001  15100,/mnt/ediscovery/986c0fee-1390-43bb-ad28-8cd1db6de53f/d389d889-4fe9-41c9-b74e-622d93d244f8/Client_Documents_—_PO_—_1000_--20000_—_15001_--_16000_—_15001__15100,2026-06-14 01:39:26.203218+00:00
179500c2-0bd8-40e9-888f-af4a53f55be7,Client Documents — PO — 1000 --20000 — 15001 -- 16000 — 15701 - 15800,review_ready,client_documents,0,885,885,/mnt/legacy/Clients/Rhod Williams/Marcus Foods 493-02707-2024/Client Documents/PO/1000 --20000/15001 -- 16000/15701 - 15800,/mnt/ediscovery/986c0fee-1390-43bb-ad28-8cd1db6de53f/d389d889-4fe9-41c9-b74e-622d93d244f8/Client_Documents_—_PO_—_1000_--20000_—_15001_--_16000_—_15701_-_15800,2026-06-14 01:39:26.203218+00:00
9113a9ac-3822-4923-9fd5-e84cfd901b62,Client Documents — PO — 1000 --20000 — 15001 -- 16000 — 15901 - 16000,review_ready,client_documents,0,430,430,/mnt/legacy/Clients/Rhod Williams/Marcus Foods 493-02707-2024/Client Documents/PO/1000 --20000/15001 -- 16000/15901 - 16000,/mnt/ediscovery/986c0fee-1390-43bb-ad28-8cd1db6de53f/d389d889-4fe9-41c9-b74e-622d93d244f8/Client_Documents_—_PO_—_1000_--20000_—_15001_--_16000_—_15901_-_16000,2026-06-14 01:39:26.203218+00:00
02ed0715-6a84-4aac-b33b-47710bd61491,Client Documents — PO — 1000 --20000 — 15001 -- 16000 — 15501 - 15600,review_ready,client_documents,0,462,462,/mnt/legacy/Clients/Rhod Williams/Marcus Foods 493-02707-2024/Client Documents/PO/1000 --20000/15001 -- 16000/15501 - 15600,/mnt/ediscovery/986c0fee-1390-43bb-ad28-8cd1db6de53f/d389d889-4fe9-41c9-b74e-622d93d244f8/Client_Documents_—_PO_—_1000_--20000_—_15001_--_16000_—_15501_-_15600,2026-06-14 01:39:26.203218+00:00
7ca52521-7852-4e7d-baf3-2b2bdbafaf08,Client Documents — PO — 1000 --20000 — 15001 -- 16000 — 15201 - 15300,review_ready,client_documents,0,463,463,/mnt/legacy/Clients/Rhod Williams/Marcus Foods 493-02707-2024/Client Documents/PO/1000 --20000/15001 -- 16000/15201 - 15300,/mnt/ediscovery/986c0fee-1390-43bb-ad28-8cd1db6de53f/d389d889-4fe9-41c9-b74e-622d93d244f8/Client_Documents_—_PO_—_1000_--20000_—_15001_--_16000_—_15201_-_15300,2026-06-14 01:39:26.203218+00:00
a203306a-c50e-4207-82e1-718978a90070,Client Documents — PO — 1000 --20000 — 15001 -- 16000 — 15301 - 15400,review_ready,client_documents,0,455,455,/mnt/legacy/Clients/Rhod Williams/Marcus Foods 493-02707-2024/Client Documents/PO/1000 --20000/15001 -- 16000/15301 - 15400,/mnt/ediscovery/986c0fee-1390-43bb-ad28-8cd1db6de53f/d389d889-4fe9-41c9-b74e-622d93d244f8/Client_Documents_—_PO_—_1000_--20000_—_15001_--_16000_—_15301_-_15400,2026-06-14 01:39:26.203218+00:00
9d25eeae-492e-4394-9f5c-0d902fff97a3,Client Documents — PO — 1000 --20000 — 15001 -- 16000 — 15601 - 15700,review_ready,client_documents,0,484,484,/mnt/legacy/Clients/Rhod Williams/Marcus Foods 493-02707-2024/Client Documents/PO/1000 --20000/15001 -- 16000/15601 - 15700,/mnt/ediscovery/986c0fee-1390-43bb-ad28-8cd1db6de53f/d389d889-4fe9-41c9-b74e-622d93d244f8/Client_Documents_—_PO_—_1000_--20000_—_15001_--_16000_—_15601_-_15700,2026-06-14 01:39:26.203218+00:00
fe1c7ba1-f41f-445e-9d93-eb98075a7a51,Client Documents — PO — 1000 --20000 — 16001 -- 17000 — 16701 - 16800,review_ready,client_documents,0,458,458,/mnt/legacy/Clients/Rhod Williams/Marcus Foods 493-02707-2024/Client Documents/PO/1000 --20000/16001 -- 17000/16701 - 16800,/mnt/ediscovery/986c0fee-1390-43bb-ad28-8cd1db6de53f/d389d889-4fe9-41c9-b74e-622d93d244f8/Client_Documents_—_PO_—_1000_--20000_—_16001_--_17000_—_16701_-_16800,2026-06-14 01:39:27.999110+00:00
395d061a-97aa-4456-9e53-d42f8212e34b,Client Documents — PO — 1000 --20000 — 16001 -- 17000 — 16501 - 16600,review_ready,client_documents,0,484,484,/mnt/legacy/Clients/Rhod Williams/Marcus Foods 493-02707-2024/Client Documents/PO/1000 --20000/16001 -- 17000/16501 - 16600,/mnt/ediscovery/986c0fee-1390-43bb-ad28-8cd1db6de53f/d389d889-4fe9-41c9-b74e-622d93d244f8/Client_Documents_—_PO_—_1000_--20000_—_16001_--_17000_—_16501_-_16600,2026-06-14 01:39:27.999110+00:00
8dbc508e-83c0-4ac2-93a7-eaa3287b6209,Client Documents — PO — 1000 --20000 — 16001 -- 17000 — 16401 - 16500,review_ready,client_documents,0,505,505,/mnt/legacy/Clients/Rhod Williams/Marcus Foods 493-02707-2024/Client Documents/PO/1000 --20000/16001 -- 17000/16401 - 16500,/mnt/ediscovery/986c0fee-1390-43bb-ad28-8cd1db6de53f/d389d889-4fe9-41c9-b74e-622d93d244f8/Client_Documents_—_PO_—_1000_--20000_—_16001_--_17000_—_16401_-_16500,2026-06-14 01:39:27.999110+00:00
c3b6d05a-24c1-4070-8487-4daf2893965c,Client Documents — PO — 1000 --20000 — 16001 -- 17000 — 16001 - 16100,review_ready,client_documents,0,389,389,/mnt/legacy/Clients/Rhod Williams/Marcus Foods 493-02707-2024/Client Documents/PO/1000 --20000/16001 -- 17000/16001 - 16100,/mnt/ediscovery/986c0fee-1390-43bb-ad28-8cd1db6de53f/d389d889-4fe9-41c9-b74e-622d93d244f8/Client_Documents_—_PO_—_1000_--20000_—_16001_--_17000_—_16001_-_16100,2026-06-14 01:39:27.999110+00:00
4eaa62f3-4574-4265-b235-45254aaa66d2,Client Documents — PO — 1000 --20000 — 16001 -- 17000 — 16201 - 16300,review_ready,client_documents,0,487,487,/mnt/legacy/Clients/Rhod Williams/Marcus Foods 493-02707-2024/Client Documents/PO/1000 --20000/16001 -- 17000/16201 - 16300,/mnt/ediscovery/986c0fee-1390-43bb-ad28-8cd1db6de53f/d389d889-4fe9-41c9-b74e-622d93d244f8/Client_Documents_—_PO_—_1000_--20000_—_16001_--_17000_—_16201_-_16300,2026-06-14 01:39:27.999110+00:00
35bad68c-4c29-49fa-9522-93bc66c30171,Client Documents — PO — 1000 --20000 — 16001 -- 17000 — 16301 - 16400,review_ready,client_documents,0,453,453,/mnt/legacy/Clients/Rhod Williams/Marcus Foods 493-02707-2024/Client Documents/PO/1000 --20000/16001 -- 17000/16301 - 16400,/mnt/ediscovery/986c0fee-1390-43bb-ad28-8cd1db6de53f/d389d889-4fe9-41c9-b74e-622d93d244f8/Client_Documents_—_PO_—_1000_--20000_—_16001_--_17000_—_16301_-_16400,2026-06-14 01:39:27.999110+00:00
81f34166-7307-4ba2-b4a5-c0de6a9e670c,Client Documents — PO — 1000 --20000 — 16001 -- 17000 — 16101 - 16200,review_ready,client_documents,0,466,466,/mnt/legacy/Clients/Rhod Williams/Marcus Foods 493-02707-2024/Client Documents/PO/1000 --20000/16001 -- 17000/16101 - 16200,/mnt/ediscovery/986c0fee-1390-43bb-ad28-8cd1db6de53f/d389d889-4fe9-41c9-b74e-622d93d244f8/Client_Documents_—_PO_—_1000_--20000_—_16001_--_17000_—_16101_-_16200,2026-06-14 01:39:27.999110+00:00
f7a782bf-44c2-46d0-a275-b3589d6e92bd,Client Documents — PO — 1000 --20000 — 16001 -- 17000 — 16901 - 17000,review_ready,client_documents,0,474,474,/mnt/legacy/Clients/Rhod Williams/Marcus Foods 493-02707-2024/Client Documents/PO/1000 --20000/16001 -- 17000/16901 - 17000,/mnt/ediscovery/986c0fee-1390-43bb-ad28-8cd1db6de53f/d389d889-4fe9-41c9-b74e-622d93d244f8/Client_Documents_—_PO_—_1000_--20000_—_16001_--_17000_—_16901_-_17000,2026-06-14 01:39:27.999110+00:00
b32d7613-fab0-40e2-95a0-03ed2dbc0734,Client Documents — PO — 1000 --20000 — 16001 -- 17000 — 16601 - 16700,review_ready,client_documents,0,467,467,/mnt/legacy/Clients/Rhod Williams/Marcus Foods 493-02707-2024/Client Documents/PO/1000 --20000/16001 -- 17000/16601 - 16700,/mnt/ediscovery/986c0fee-1390-43bb-ad28-8cd1db6de53f/d389d889-4fe9-41c9-b74e-622d93d244f8/Client_Documents_—_PO_—_1000_--20000_—_16001_--_17000_—_16601_-_16700,2026-06-14 01:39:27.999110+00:00
b4e5d924-2ea7-4180-8c28-c490e2a658fe,Client Documents — PO — 1000 --20000 — 16001 -- 17000 — 16801 - 16900,review_ready,client_documents,0,466,466,/mnt/legacy/Clients/Rhod Williams/Marcus Foods 493-02707-2024/Client Documents/PO/1000 --20000/16001 -- 17000/16801 - 16900,/mnt/ediscovery/986c0fee-1390-43bb-ad28-8cd1db6de53f/d389d889-4fe9-41c9-b74e-622d93d244f8/Client_Documents_—_PO_—_1000_--20000_—_16001_--_17000_—_16801_-_16900,2026-06-14 01:39:27.999110+00:00
5396a697-2b60-48b1-9d9e-f6848c6110e3,Client Documents — PO — 1000 --20000 — 17001  -- 18000 — 17401 - 17500,review_ready,client_documents,0,484,484,/mnt/legacy/Clients/Rhod Williams/Marcus Foods 493-02707-2024/Client Documents/PO/1000 --20000/17001  -- 18000/17401 - 17500,/mnt/ediscovery/986c0fee-1390-43bb-ad28-8cd1db6de53f/d389d889-4fe9-41c9-b74e-622d93d244f8/Client_Documents_—_PO_—_1000_--20000_—_17001__--_18000_—_17401_-_17500,2026-06-14 01:39:29.594141+00:00
b11745a4-6e42-4766-8ccb-7d041bda5fba,Client Documents — PO — 1000 --20000 — 17001  -- 18000 — 17201 - 17300,review_ready,client_documents,0,425,425,/mnt/legacy/Clients/Rhod Williams/Marcus Foods 493-02707-2024/Client Documents/PO/1000 --20000/17001  -- 18000/17201 - 17300,/mnt/ediscovery/986c0fee-1390-43bb-ad28-8cd1db6de53f/d389d889-4fe9-41c9-b74e-622d93d244f8/Client_Documents_—_PO_—_1000_--20000_—_17001__--_18000_—_17201_-_17300,2026-06-14 01:39:29.594141+00:00
eeeb13ea-e962-4fd2-90c6-1b6df08b18c0,Client Documents — PO — 1000 --20000 — 17001  -- 18000 — 17301 - 17400,review_ready,client_documents,0,479,479,/mnt/legacy/Clients/Rhod Williams/Marcus Foods 493-02707-2024/Client Documents/PO/1000 --20000/17001  -- 18000/17301 - 17400,/mnt/ediscovery/986c0fee-1390-43bb-ad28-8cd1db6de53f/d389d889-4fe9-41c9-b74e-622d93d244f8/Client_Documents_—_PO_—_1000_--20000_—_17001__--_18000_—_17301_-_17400,2026-06-14 01:39:29.594141+00:00
3e23c036-5281-4c53-8d3a-8820708a0b96,Client Documents — PO — 1000 --20000 — 17001  -- 18000 — 17501- 17600,review_ready,client_documents,0,491,491,/mnt/legacy/Clients/Rhod Williams/Marcus Foods 493-02707-2024/Client Documents/PO/1000 --20000/17001  -- 18000/17501- 17600,/mnt/ediscovery/986c0fee-1390-43bb-ad28-8cd1db6de53f/d389d889-4fe9-41c9-b74e-622d93d244f8/Client_Documents_—_PO_—_1000_--20000_—_17001__--_18000_—_17501-_17600,2026-06-14 01:39:29.594141+00:00
d5252c24-a223-4925-a6cc-6bfef3be03be,Client Documents — PO — 1000 --20000 — 17001  -- 18000 — 17701 - 17800,review_ready,client_documents,0,435,435,/mnt/legacy/Clients/Rhod Williams/Marcus Foods 493-02707-2024/Client Documents/PO/1000 --20000/17001  -- 18000/17701 - 17800,/mnt/ediscovery/986c0fee-1390-43bb-ad28-8cd1db6de53f/d389d889-4fe9-41c9-b74e-622d93d244f8/Client_Documents_—_PO_—_1000_--20000_—_17001__--_18000_—_17701_-_17800,2026-06-14 01:39:29.594141+00:00
923bf7ae-1397-428e-8faf-7003e696adfe,Client Documents — PO — 1000 --20000 — 17001  -- 18000 — 17601 - 17700,review_ready,client_documents,0,423,423,/mnt/legacy/Clients/Rhod Williams/Marcus Foods 493-02707-2024/Client Documents/PO/1000 --20000/17001  -- 18000/17601 - 17700,/mnt/ediscovery/986c0fee-1390-43bb-ad28-8cd1db6de53f/d389d889-4fe9-41c9-b74e-622d93d244f8/Client_Documents_—_PO_—_1000_--20000_—_17001__--_18000_—_17601_-_17700,2026-06-14 01:39:29.594141+00:00
39d6a155-8c39-4b87-9e66-2dd09d6ef931,Client Documents — PO — 1000 --20000 — 17001  -- 18000 — 17801 - 17900,review_ready,client_documents,0,428,428,/mnt/legacy/Clients/Rhod Williams/Marcus Foods 493-02707-2024/Client Documents/PO/1000 --20000/17001  -- 18000/17801 - 17900,/mnt/ediscovery/986c0fee-1390-43bb-ad28-8cd1db6de53f/d389d889-4fe9-41c9-b74e-622d93d244f8/Client_Documents_—_PO_—_1000_--20000_—_17001__--_18000_—_17801_-_17900,2026-06-14 01:39:29.594141+00:00
5478bdfe-7282-4b59-8024-ae276389f497,Client Documents — PO — 1000 --20000 — 17001  -- 18000 — 17901 - 18000,review_ready,client_documents,0,451,451,/mnt/legacy/Clients/Rhod Williams/Marcus Foods 493-02707-2024/Client Documents/PO/1000 --20000/17001  -- 18000/17901 - 18000,/mnt/ediscovery/986c0fee-1390-43bb-ad28-8cd1db6de53f/d389d889-4fe9-41c9-b74e-622d93d244f8/Client_Documents_—_PO_—_1000_--20000_—_17001__--_18000_—_17901_-_18000,2026-06-14 01:39:29.594141+00:00
3678186b-3a52-49cd-a6fe-a1c1ec66c0af,Client Documents — PO — 1000 --20000 — 17001  -- 18000 — 17101- 17200,review_ready,client_documents,0,433,433,/mnt/legacy/Clients/Rhod Williams/Marcus Foods 493-02707-2024/Client Documents/PO/1000 --20000/17001  -- 18000/17101- 17200,/mnt/ediscovery/986c0fee-1390-43bb-ad28-8cd1db6de53f/d389d889-4fe9-41c9-b74e-622d93d244f8/Client_Documents_—_PO_—_1000_--20000_—_17001__--_18000_—_17101-_17200,2026-06-14 01:39:29.594141+00:00
b1a4301c-c415-4993-ab1e-52590ec6fbdc,Client Documents — PO — 1000 --20000 — 17001  -- 18000 — 17001 - 17100,review_ready,client_documents,0,458,458,/mnt/legacy/Clients/Rhod Williams/Marcus Foods 493-02707-2024/Client Documents/PO/1000 --20000/17001  -- 18000/17001 - 17100,/mnt/ediscovery/986c0fee-1390-43bb-ad28-8cd1db6de53f/d389d889-4fe9-41c9-b74e-622d93d244f8/Client_Documents_—_PO_—_1000_--20000_—_17001__--_18000_—_17001_-_17100,2026-06-14 01:39:29.594141+00:00
673f94f5-1789-4acf-a7b3-f319346855f2,Client Documents — PO — 1000 --20000 — 18001 -- 19000 — 18801 - 18900,review_ready,client_documents,0,426,426,/mnt/legacy/Clients/Rhod Williams/Marcus Foods 493-02707-2024/Client Documents/PO/1000 --20000/18001 -- 19000/18801 - 18900,/mnt/ediscovery/986c0fee-1390-43bb-ad28-8cd1db6de53f/d389d889-4fe9-41c9-b74e-622d93d244f8/Client_Documents_—_PO_—_1000_--20000_—_18001_--_19000_—_18801_-_18900,2026-06-14 01:39:31.325439+00:00
40a9ef03-6f41-4e2b-b181-d0f33abc6258,Client Documents — PO — 1000 --20000 — 18001 -- 19000 — 18901 - 19000,review_ready,client_documents,0,410,410,/mnt/legacy/Clients/Rhod Williams/Marcus Foods 493-02707-2024/Client Documents/PO/1000 --20000/18001 -- 19000/18901 - 19000,/mnt/ediscovery/986c0fee-1390-43bb-ad28-8cd1db6de53f/d389d889-4fe9-41c9-b74e-622d93d244f8/Client_Documents_—_PO_—_1000_--20000_—_18001_--_19000_—_18901_-_19000,2026-06-14 01:39:31.325439+00:00
ef8b0fba-e88e-4ced-aa72-cbc0a489671d,Client Documents — PO — 1000 --20000 — 18001 -- 19000 — 18001 - 18100,review_ready,client_documents,0,497,497,/mnt/legacy/Clients/Rhod Williams/Marcus Foods 493-02707-2024/Client Documents/PO/1000 --20000/18001 -- 19000/18001 - 18100,/mnt/ediscovery/986c0fee-1390-43bb-ad28-8cd1db6de53f/d389d889-4fe9-41c9-b74e-622d93d244f8/Client_Documents_—_PO_—_1000_--20000_—_18001_--_19000_—_18001_-_18100,2026-06-14 01:39:31.325439+00:00
090c922e-e40f-4cbb-b0f5-0669482953dc,Client Documents — PO — 1000 --20000 — 18001 -- 19000 — 18201 - 18300,review_ready,client_documents,0,473,473,/mnt/legacy/Clients/Rhod Williams/Marcus Foods 493-02707-2024/Client Documents/PO/1000 --20000/18001 -- 19000/18201 - 18300,/mnt/ediscovery/986c0fee-1390-43bb-ad28-8cd1db6de53f/d389d889-4fe9-41c9-b74e-622d93d244f8/Client_Documents_—_PO_—_1000_--20000_—_18001_--_19000_—_18201_-_18300,2026-06-14 01:39:31.325439+00:00
8efc6f98-b3f2-4c31-87ce-6e93191c462e,Client Documents — PO — 1000 --20000 — 18001 -- 19000 — 18401 - 18500,review_ready,client_documents,0,460,460,/mnt/legacy/Clients/Rhod Williams/Marcus Foods 493-02707-2024/Client Documents/PO/1000 --20000/18001 -- 19000/18401 - 18500,/mnt/ediscovery/986c0fee-1390-43bb-ad28-8cd1db6de53f/d389d889-4fe9-41c9-b74e-622d93d244f8/Client_Documents_—_PO_—_1000_--20000_—_18001_--_19000_—_18401_-_18500,2026-06-14 01:39:31.325439+00:00
223107ea-169e-4e4a-a530-72bc2c7ca93e,Client Documents — PO — 1000 --20000 — 18001 -- 19000 — 18701 - 18800,review_ready,client_documents,0,438,438,/mnt/legacy/Clients/Rhod Williams/Marcus Foods 493-02707-2024/Client Documents/PO/1000 --20000/18001 -- 19000/18701 - 18800,/mnt/ediscovery/986c0fee-1390-43bb-ad28-8cd1db6de53f/d389d889-4fe9-41c9-b74e-622d93d244f8/Client_Documents_—_PO_—_1000_--20000_—_18001_--_19000_—_18701_-_18800,2026-06-14 01:39:31.325439+00:00
e375000b-16c3-4e3a-9907-4fb79f817ce0,Client Documents — PO — 1000 --20000 — 18001 -- 19000 — 18501 - 18600,review_ready,client_documents,0,412,412,/mnt/legacy/Clients/Rhod Williams/Marcus Foods 493-02707-2024/Client Documents/PO/1000 --20000/18001 -- 19000/18501 - 18600,/mnt/ediscovery/986c0fee-1390-43bb-ad28-8cd1db6de53f/d389d889-4fe9-41c9-b74e-622d93d244f8/Client_Documents_—_PO_—_1000_--20000_—_18001_--_19000_—_18501_-_18600,2026-06-14 01:39:31.325439+00:00
a3998d7c-8d8f-40de-b0cc-ea08c88ae479,Client Documents — PO — 1000 --20000 — 18001 -- 19000 — 18301 - 18400,review_ready,client_documents,0,477,477,/mnt/legacy/Clients/Rhod Williams/Marcus Foods 493-02707-2024/Client Documents/PO/1000 --20000/18001 -- 19000/18301 - 18400,/mnt/ediscovery/986c0fee-1390-43bb-ad28-8cd1db6de53f/d389d889-4fe9-41c9-b74e-622d93d244f8/Client_Documents_—_PO_—_1000_--20000_—_18001_--_19000_—_18301_-_18400,2026-06-14 01:39:31.325439+00:00
aaf654fb-85a8-4d59-aaa6-ebdf045da573,Client Documents — PO — 1000 --20000 — 18001 -- 19000 — 18601 - 18700,review_ready,client_documents,0,439,439,/mnt/legacy/Clients/Rhod Williams/Marcus Foods 493-02707-2024/Client Documents/PO/1000 --20000/18001 -- 19000/18601 - 18700,/mnt/ediscovery/986c0fee-1390-43bb-ad28-8cd1db6de53f/d389d889-4fe9-41c9-b74e-622d93d244f8/Client_Documents_—_PO_—_1000_--20000_—_18001_--_19000_—_18601_-_18700,2026-06-14 01:39:31.325439+00:00
ec8061bf-ba8b-4b0c-8e04-909174d105be,Client Documents — PO — 1000 --20000 — 18001 -- 19000 — 18101 - 18200,review_ready,client_documents,0,474,474,/mnt/legacy/Clients/Rhod Williams/Marcus Foods 493-02707-2024/Client Documents/PO/1000 --20000/18001 -- 19000/18101 - 18200,/mnt/ediscovery/986c0fee-1390-43bb-ad28-8cd1db6de53f/d389d889-4fe9-41c9-b74e-622d93d244f8/Client_Documents_—_PO_—_1000_--20000_—_18001_--_19000_—_18101_-_18200,2026-06-14 01:39:31.325439+00:00
2337a21b-4189-438e-96cd-1b6522aba8b7,Client Documents — PO — 1000 --20000 — 19001 -- 20000 — 19301-19400,review_ready,client_documents,0,433,433,/mnt/legacy/Clients/Rhod Williams/Marcus Foods 493-02707-2024/Client Documents/PO/1000 --20000/19001 -- 20000/19301-19400,/mnt/ediscovery/986c0fee-1390-43bb-ad28-8cd1db6de53f/d389d889-4fe9-41c9-b74e-622d93d244f8/Client_Documents_—_PO_—_1000_--20000_—_19001_--_20000_—_19301-19400,2026-06-14 01:39:32.830025+00:00
c35f07a5-e12e-41e9-af00-1a083c3c8597,Client Documents — PO — 1000 --20000 — 19001 -- 20000 — 19101 -19200,review_ready,client_documents,0,417,417,/mnt/legacy/Clients/Rhod Williams/Marcus Foods 493-02707-2024/Client Documents/PO/1000 --20000/19001 -- 20000/19101 -19200,/mnt/ediscovery/986c0fee-1390-43bb-ad28-8cd1db6de53f/d389d889-4fe9-41c9-b74e-622d93d244f8/Client_Documents_—_PO_—_1000_--20000_—_19001_--_20000_—_19101_-19200,2026-06-14 01:39:32.830025+00:00
3dbe013b-389d-47c7-8202-3f49ec3386a4,Client Documents — PO — 1000 --20000 — 19001 -- 20000 — 19701-19800,review_ready,client_documents,0,481,481,/mnt/legacy/Clients/Rhod Williams/Marcus Foods 493-02707-2024/Client Documents/PO/1000 --20000/19001 -- 20000/19701-19800,/mnt/ediscovery/986c0fee-1390-43bb-ad28-8cd1db6de53f/d389d889-4fe9-41c9-b74e-622d93d244f8/Client_Documents_—_PO_—_1000_--20000_—_19001_--_20000_—_19701-19800,2026-06-14 01:39:32.830025+00:00
5c50afcb-eae9-43e4-89b4-749ea908ab6f,Client Documents — PO — 1000 --20000 — 19001 -- 20000 — Loose Files,review_ready,client_documents,0,1,1,/mnt/legacy/Clients/Rhod Williams/Marcus Foods 493-02707-2024/Client Documents/PO/1000 --20000/19001 -- 20000/19001-19100 - Shortcut.lnk,/mnt/ediscovery/986c0fee-1390-43bb-ad28-8cd1db6de53f/d389d889-4fe9-41c9-b74e-622d93d244f8/Client_Documents_—_PO_—_1000_--20000_—_19001_--_20000_—_Loose_Files,2026-06-14 01:39:32.830025+00:00
7f0aa7e0-9bb4-4fe8-8203-43f526a4cc40,Client Documents — PO — 1000 --20000 — 19001 -- 20000 — 19901 - 20000,review_ready,client_documents,0,464,464,/mnt/legacy/Clients/Rhod Williams/Marcus Foods 493-02707-2024/Client Documents/PO/1000 --20000/19001 -- 20000/19901 - 20000,/mnt/ediscovery/986c0fee-1390-43bb-ad28-8cd1db6de53f/d389d889-4fe9-41c9-b74e-622d93d244f8/Client_Documents_—_PO_—_1000_--20000_—_19001_--_20000_—_19901_-_20000,2026-06-14 01:39:32.830025+00:00
2f321630-de6d-4aec-a743-42045579822f,Client Documents — PO — 1000 --20000 — 19001 -- 20000 — 19601-19700,review_ready,client_documents,0,497,497,/mnt/legacy/Clients/Rhod Williams/Marcus Foods 493-02707-2024/Client Documents/PO/1000 --20000/19001 -- 20000/19601-19700,/mnt/ediscovery/986c0fee-1390-43bb-ad28-8cd1db6de53f/d389d889-4fe9-41c9-b74e-622d93d244f8/Client_Documents_—_PO_—_1000_--20000_—_19001_--_20000_—_19601-19700,2026-06-14 01:39:32.830025+00:00
fa665790-2dcd-4da9-b1e2-84ea5ccd87e3,Client Documents — PO — 1000 --20000 — 19001 -- 20000 — 19801-19900,review_ready,client_documents,0,462,462,/mnt/legacy/Clients/Rhod Williams/Marcus Foods 493-02707-2024/Client Documents/PO/1000 --20000/19001 -- 20000/19801-19900,/mnt/ediscovery/986c0fee-1390-43bb-ad28-8cd1db6de53f/d389d889-4fe9-41c9-b74e-622d93d244f8/Client_Documents_—_PO_—_1000_--20000_—_19001_--_20000_—_19801-19900,2026-06-14 01:39:32.830025+00:00
439367b4-9bfc-46dd-9f38-161acd1f7710,Client Documents — PO — 1000 --20000 — 19001 -- 20000 — 19501 -19600,review_ready,client_documents,0,428,428,/mnt/legacy/Clients/Rhod Williams/Marcus Foods 493-02707-2024/Client Documents/PO/1000 --20000/19001 -- 20000/19501 -19600,/mnt/ediscovery/986c0fee-1390-43bb-ad28-8cd1db6de53f/d389d889-4fe9-41c9-b74e-622d93d244f8/Client_Documents_—_PO_—_1000_--20000_—_19001_--_20000_—_19501_-19600,2026-06-14 01:39:32.830025+00:00
e8a197b4-e6c1-431f-aad0-b0f0513e4593,Client Documents — PO — 1000 --20000 — 19001 -- 20000 — 19401-19500,review_ready,client_documents,0,464,464,/mnt/legacy/Clients/Rhod Williams/Marcus Foods 493-02707-2024/Client Documents/PO/1000 --20000/19001 -- 20000/19401-19500,/mnt/ediscovery/986c0fee-1390-43bb-ad28-8cd1db6de53f/d389d889-4fe9-41c9-b74e-622d93d244f8/Client_Documents_—_PO_—_1000_--20000_—_19001_--_20000_—_19401-19500,2026-06-14 01:39:32.830025+00:00
666c3e47-5793-43eb-a44e-4abfdbeb9c8e,Client Documents — PO — 1000 --20000 — 19001 -- 20000 — 19201- 19300,review_ready,client_documents,0,398,398,/mnt/legacy/Clients/Rhod Williams/Marcus Foods 493-02707-2024/Client Documents/PO/1000 --20000/19001 -- 20000/19201- 19300,/mnt/ediscovery/986c0fee-1390-43bb-ad28-8cd1db6de53f/d389d889-4fe9-41c9-b74e-622d93d244f8/Client_Documents_—_PO_—_1000_--20000_—_19001_--_20000_—_19201-_19300,2026-06-14 01:39:32.830025+00:00
f7044108-be03-494f-a905-ed5ecb80b7f7,Client Documents — PO — 1000 --20000 — 19001 -- 20000 — 19001-19100,review_ready,client_documents,0,389,389,/mnt/legacy/Clients/Rhod Williams/Marcus Foods 493-02707-2024/Client Documents/PO/1000 --20000/19001 -- 20000/19001-19100,/mnt/ediscovery/986c0fee-1390-43bb-ad28-8cd1db6de53f/d389d889-4fe9-41c9-b74e-622d93d244f8/Client_Documents_—_PO_—_1000_--20000_—_19001_--_20000_—_19001-19100,2026-06-14 01:39:32.830025+00:00
7fc82be9-d375-4bf1-a50b-78be9ebe6c51,Client Documents — PO — 1000 --20000 — 6001 - 7000 — 6601 - 6700,review_ready,client_documents,0,694,694,/mnt/legacy/Clients/Rhod Williams/Marcus Foods 493-02707-2024/Client Documents/PO/1000 --20000/6001 - 7000/6601 - 6700,/mnt/ediscovery/986c0fee-1390-43bb-ad28-8cd1db6de53f/d389d889-4fe9-41c9-b74e-622d93d244f8/Client_Documents_—_PO_—_1000_--20000_—_6001_-_7000_—_6601_-_6700,2026-06-14 01:39:36.101210+00:00
461502d7-ea6a-4913-bf42-acace893d5af,Client Documents — PO — 1000 --20000 — 6001 - 7000 — 6101 - 6200,review_ready,client_documents,0,634,634,/mnt/legacy/Clients/Rhod Williams/Marcus Foods 493-02707-2024/Client Documents/PO/1000 --20000/6001 - 7000/6101 - 6200,/mnt/ediscovery/986c0fee-1390-43bb-ad28-8cd1db6de53f/d389d889-4fe9-41c9-b74e-622d93d244f8/Client_Documents_—_PO_—_1000_--20000_—_6001_-_7000_—_6101_-_6200,2026-06-14 01:39:36.101210+00:00
6354c332-5df3-473e-bf01-e0ee804c30f1,Client Documents — PO — 1000 --20000 — 6001 - 7000 — 6801 - 6900,review_ready,client_documents,0,624,624,/mnt/legacy/Clients/Rhod Williams/Marcus Foods 493-02707-2024/Client Documents/PO/1000 --20000/6001 - 7000/6801 - 6900,/mnt/ediscovery/986c0fee-1390-43bb-ad28-8cd1db6de53f/d389d889-4fe9-41c9-b74e-622d93d244f8/Client_Documents_—_PO_—_1000_--20000_—_6001_-_7000_—_6801_-_6900,2026-06-14 01:39:36.101210+00:00
b5e203d7-7b56-4016-8848-7d91f2ba6aab,Client Documents — PO — 1000 --20000 — 6001 - 7000 — 6401 - 6500,review_ready,client_documents,0,669,669,/mnt/legacy/Clients/Rhod Williams/Marcus Foods 493-02707-2024/Client Documents/PO/1000 --20000/6001 - 7000/6401 - 6500,/mnt/ediscovery/986c0fee-1390-43bb-ad28-8cd1db6de53f/d389d889-4fe9-41c9-b74e-622d93d244f8/Client_Documents_—_PO_—_1000_--20000_—_6001_-_7000_—_6401_-_6500,2026-06-14 01:39:36.101210+00:00
959f91fe-df36-45e2-86ec-bf6f7fa1f878,Client Documents — PO — 1000 --20000 — 6001 - 7000 — 6501- 6600,review_ready,client_documents,0,727,727,/mnt/legacy/Clients/Rhod Williams/Marcus Foods 493-02707-2024/Client Documents/PO/1000 --20000/6001 - 7000/6501- 6600,/mnt/ediscovery/986c0fee-1390-43bb-ad28-8cd1db6de53f/d389d889-4fe9-41c9-b74e-622d93d244f8/Client_Documents_—_PO_—_1000_--20000_—_6001_-_7000_—_6501-_6600,2026-06-14 01:39:36.101210+00:00
e4c11c10-ace6-4cd9-ab25-88869e44dab9,Client Documents — PO — 1000 --20000 — 6001 - 7000 — 6701 - 6800,review_ready,client_documents,0,674,674,/mnt/legacy/Clients/Rhod Williams/Marcus Foods 493-02707-2024/Client Documents/PO/1000 --20000/6001 - 7000/6701 - 6800,/mnt/ediscovery/986c0fee-1390-43bb-ad28-8cd1db6de53f/d389d889-4fe9-41c9-b74e-622d93d244f8/Client_Documents_—_PO_—_1000_--20000_—_6001_-_7000_—_6701_-_6800,2026-06-14 01:39:36.101210+00:00
003fec6e-1b1e-4f8b-9513-58b1d2be0157,Client Documents — PO — 1000 --20000 — 6001 - 7000 — 6901 - 7000,review_ready,client_documents,0,607,607,/mnt/legacy/Clients/Rhod Williams/Marcus Foods 493-02707-2024/Client Documents/PO/1000 --20000/6001 - 7000/6901 - 7000,/mnt/ediscovery/986c0fee-1390-43bb-ad28-8cd1db6de53f/d389d889-4fe9-41c9-b74e-622d93d244f8/Client_Documents_—_PO_—_1000_--20000_—_6001_-_7000_—_6901_-_7000,2026-06-14 01:39:36.101210+00:00
2016c440-dc62-4a2b-b7e2-f761b9b11735,Client Documents — PO — 1000 --20000 — 6001 - 7000 — 6201 - 6300,review_ready,client_documents,0,671,671,/mnt/legacy/Clients/Rhod Williams/Marcus Foods 493-02707-2024/Client Documents/PO/1000 --20000/6001 - 7000/6201 - 6300,/mnt/ediscovery/986c0fee-1390-43bb-ad28-8cd1db6de53f/d389d889-4fe9-41c9-b74e-622d93d244f8/Client_Documents_—_PO_—_1000_--20000_—_6001_-_7000_—_6201_-_6300,2026-06-14 01:39:36.101210+00:00
d385f3e8-5c89-4ffa-8840-145842a2aca4,Client Documents — PO — 1000 --20000 — 6001 - 7000 — 6301- 6400,review_ready,client_documents,0,663,663,/mnt/legacy/Clients/Rhod Williams/Marcus Foods 493-02707-2024/Client Documents/PO/1000 --20000/6001 - 7000/6301- 6400,/mnt/ediscovery/986c0fee-1390-43bb-ad28-8cd1db6de53f/d389d889-4fe9-41c9-b74e-622d93d244f8/Client_Documents_—_PO_—_1000_--20000_—_6001_-_7000_—_6301-_6400,2026-06-14 01:39:36.101210+00:00
dd8f1f4e-8160-41a0-8543-d75852d82507,Client Documents — PO — 1000 --20000 — 7001 - 8000 — 7201 - 7300,review_ready,client_documents,0,615,615,/mnt/legacy/Clients/Rhod Williams/Marcus Foods 493-02707-2024/Client Documents/PO/1000 --20000/7001 - 8000/7201 - 7300,/mnt/ediscovery/986c0fee-1390-43bb-ad28-8cd1db6de53f/d389d889-4fe9-41c9-b74e-622d93d244f8/Client_Documents_—_PO_—_1000_--20000_—_7001_-_8000_—_7201_-_7300,2026-06-14 01:39:36.754096+00:00
9ad2e5a9-37d0-40e3-bd44-1b2f51c073c1,Client Documents — PO — 1000 --20000 — 7001 - 8000 — 7901 - 8000,review_ready,client_documents,0,655,655,/mnt/legacy/Clients/Rhod Williams/Marcus Foods 493-02707-2024/Client Documents/PO/1000 --20000/7001 - 8000/7901 - 8000,/mnt/ediscovery/986c0fee-1390-43bb-ad28-8cd1db6de53f/d389d889-4fe9-41c9-b74e-622d93d244f8/Client_Documents_—_PO_—_1000_--20000_—_7001_-_8000_—_7901_-_8000,2026-06-14 01:39:36.754096+00:00
7ba8c625-f5fc-4316-85d5-30546b47fea7,Client Documents — PO — 1000 --20000 — 7001 - 8000 — 7601 - 7700,review_ready,client_documents,0,673,673,/mnt/legacy/Clients/Rhod Williams/Marcus Foods 493-02707-2024/Client Documents/PO/1000 --20000/7001 - 8000/7601 - 7700,/mnt/ediscovery/986c0fee-1390-43bb-ad28-8cd1db6de53f/d389d889-4fe9-41c9-b74e-622d93d244f8/Client_Documents_—_PO_—_1000_--20000_—_7001_-_8000_—_7601_-_7700,2026-06-14 01:39:36.754096+00:00
b11f1d46-dbf0-448e-ac88-4afb4234201e,Client Documents — PO — 1000 --20000 — 7001 - 8000 — 7801 - 7900,review_ready,client_documents,0,673,673,/mnt/legacy/Clients/Rhod Williams/Marcus Foods 493-02707-2024/Client Documents/PO/1000 --20000/7001 - 8000/7801 - 7900,/mnt/ediscovery/986c0fee-1390-43bb-ad28-8cd1db6de53f/d389d889-4fe9-41c9-b74e-622d93d244f8/Client_Documents_—_PO_—_1000_--20000_—_7001_-_8000_—_7801_-_7900,2026-06-14 01:39:36.754096+00:00
ba278bef-3d26-4958-a4c0-54249cc3eef6,Client Documents — PO — 1000 --20000 — 7001 - 8000 — 7001 - 7100,review_ready,client_documents,0,1351,1351,/mnt/legacy/Clients/Rhod Williams/Marcus Foods 493-02707-2024/Client Documents/PO/1000 --20000/7001 - 8000/7001 - 7100,/mnt/ediscovery/986c0fee-1390-43bb-ad28-8cd1db6de53f/d389d889-4fe9-41c9-b74e-622d93d244f8/Client_Documents_—_PO_—_1000_--20000_—_7001_-_8000_—_7001_-_7100,2026-06-14 01:39:36.754096+00:00
7ab6e292-3662-4505-b3f8-d6c5bcafaec2,Client Documents — PO — 1000 --20000 — 7001 - 8000 — 7701 -7800,review_ready,client_documents,0,693,693,/mnt/legacy/Clients/Rhod Williams/Marcus Foods 493-02707-2024/Client Documents/PO/1000 --20000/7001 - 8000/7701 -7800,/mnt/ediscovery/986c0fee-1390-43bb-ad28-8cd1db6de53f/d389d889-4fe9-41c9-b74e-622d93d244f8/Client_Documents_—_PO_—_1000_--20000_—_7001_-_8000_—_7701_-7800,2026-06-14 01:39:36.754096+00:00
ae592e90-3164-4bfc-9a44-02566350a1f8,Client Documents — PO — 1000 --20000 — 7001 - 8000 — 7501 - 7600,review_ready,client_documents,0,674,674,/mnt/legacy/Clients/Rhod Williams/Marcus Foods 493-02707-2024/Client Documents/PO/1000 --20000/7001 - 8000/7501 - 7600,/mnt/ediscovery/986c0fee-1390-43bb-ad28-8cd1db6de53f/d389d889-4fe9-41c9-b74e-622d93d244f8/Client_Documents_—_PO_—_1000_--20000_—_7001_-_8000_—_7501_-_7600,2026-06-14 01:39:36.754096+00:00
c2d7ea82-5a2e-4750-b1a9-2b782fe56f7f,Client Documents — PO — 1000 --20000 — 7001 - 8000 — 7401 - 7500,review_ready,client_documents,0,649,649,/mnt/legacy/Clients/Rhod Williams/Marcus Foods 493-02707-2024/Client Documents/PO/1000 --20000/7001 - 8000/7401 - 7500,/mnt/ediscovery/986c0fee-1390-43bb-ad28-8cd1db6de53f/d389d889-4fe9-41c9-b74e-622d93d244f8/Client_Documents_—_PO_—_1000_--20000_—_7001_-_8000_—_7401_-_7500,2026-06-14 01:39:36.754096+00:00
c5e314c6-d216-4cbf-9f1d-40a3bbfed49d,Client Documents — PO — 1000 --20000 — 7001 - 8000 — 7101 - 7200,review_ready,client_documents,0,635,635,/mnt/legacy/Clients/Rhod Williams/Marcus Foods 493-02707-2024/Client Documents/PO/1000 --20000/7001 - 8000/7101 - 7200,/mnt/ediscovery/986c0fee-1390-43bb-ad28-8cd1db6de53f/d389d889-4fe9-41c9-b74e-622d93d244f8/Client_Documents_—_PO_—_1000_--20000_—_7001_-_8000_—_7101_-_7200,2026-06-14 01:39:36.754096+00:00
cb3a977e-a77c-4f28-b7c6-53f42f85abaf,Client Documents — PO — 1000 --20000 — 7001 - 8000 — 7301 - 7400,review_ready,client_documents,0,627,627,/mnt/legacy/Clients/Rhod Williams/Marcus Foods 493-02707-2024/Client Documents/PO/1000 --20000/7001 - 8000/7301 - 7400,/mnt/ediscovery/986c0fee-1390-43bb-ad28-8cd1db6de53f/d389d889-4fe9-41c9-b74e-622d93d244f8/Client_Documents_—_PO_—_1000_--20000_—_7001_-_8000_—_7301_-_7400,2026-06-14 01:39:36.754096+00:00
f2cd7088-2165-4aa8-80f4-19d101082308,Client Documents — PO — 21001 -- 24000 — 22001 - 23000 — 22401 - 22500,review_ready,client_documents,0,413,413,/mnt/legacy/Clients/Rhod Williams/Marcus Foods 493-02707-2024/Client Documents/PO/21001 -- 24000/22001 - 23000/22401 - 22500,/mnt/ediscovery/986c0fee-1390-43bb-ad28-8cd1db6de53f/d389d889-4fe9-41c9-b74e-622d93d244f8/Client_Documents_—_PO_—_21001_--_24000_—_22001_-_23000_—_22401_-_22500,2026-06-14 01:42:49.699285+00:00
d502b7d2-1abc-4b06-967a-4ab6aeb584c8,Client Documents — PO — 21001 -- 24000 — 22001 - 23000 — 22501 - 22600,review_ready,client_documents,0,428,428,/mnt/legacy/Clients/Rhod Williams/Marcus Foods 493-02707-2024/Client Documents/PO/21001 -- 24000/22001 - 23000/22501 - 22600,/mnt/ediscovery/986c0fee-1390-43bb-ad28-8cd1db6de53f/d389d889-4fe9-41c9-b74e-622d93d244f8/Client_Documents_—_PO_—_21001_--_24000_—_22001_-_23000_—_22501_-_22600,2026-06-14 01:42:49.699285+00:00
9a09af9e-df5e-4ad8-a6aa-2cc95a3e5d47,Client Documents — PO — 21001 -- 24000 — 22001 - 23000 — 22901 - 23000,review_ready,client_documents,0,483,483,/mnt/legacy/Clients/Rhod Williams/Marcus Foods 493-02707-2024/Client Documents/PO/21001 -- 24000/22001 - 23000/22901 - 23000,/mnt/ediscovery/986c0fee-1390-43bb-ad28-8cd1db6de53f/d389d889-4fe9-41c9-b74e-622d93d244f8/Client_Documents_—_PO_—_21001_--_24000_—_22001_-_23000_—_22901_-_23000,2026-06-14 01:42:49.699285+00:00
857b5e25-321b-478f-b9f9-ced6eea129e9,Client Documents — PO — 21001 -- 24000 — 22001 - 23000 — 22201 - 22300,review_ready,client_documents,0,445,445,/mnt/legacy/Clients/Rhod Williams/Marcus Foods 493-02707-2024/Client Documents/PO/21001 -- 24000/22001 - 23000/22201 - 22300,/mnt/ediscovery/986c0fee-1390-43bb-ad28-8cd1db6de53f/d389d889-4fe9-41c9-b74e-622d93d244f8/Client_Documents_—_PO_—_21001_--_24000_—_22001_-_23000_—_22201_-_22300,2026-06-14 01:42:49.699285+00:00
62cda8cf-1dd2-42db-b12e-8e61c2a6d4ee,Client Documents — PO — 21001 -- 24000 — 22001 - 23000 — 22001 - 22100,review_ready,client_documents,0,475,475,/mnt/legacy/Clients/Rhod Williams/Marcus Foods 493-02707-2024/Client Documents/PO/21001 -- 24000/22001 - 23000/22001 - 22100,/mnt/ediscovery/986c0fee-1390-43bb-ad28-8cd1db6de53f/d389d889-4fe9-41c9-b74e-622d93d244f8/Client_Documents_—_PO_—_21001_--_24000_—_22001_-_23000_—_22001_-_22100,2026-06-14 01:42:49.699285+00:00
eb165eb3-9dee-4fa2-89cf-0827a8acdcbb,Client Documents — PO — 21001 -- 24000 — 22001 - 23000 — 22801 - 22900,review_ready,client_documents,0,443,443,/mnt/legacy/Clients/Rhod Williams/Marcus Foods 493-02707-2024/Client Documents/PO/21001 -- 24000/22001 - 23000/22801 - 22900,/mnt/ediscovery/986c0fee-1390-43bb-ad28-8cd1db6de53f/d389d889-4fe9-41c9-b74e-622d93d244f8/Client_Documents_—_PO_—_21001_--_24000_—_22001_-_23000_—_22801_-_22900,2026-06-14 01:42:49.699285+00:00
b1995a78-59c1-4c58-b931-1bcc625da054,Client Documents — PO — 21001 -- 24000 — 22001 - 23000 — 22601 - 22700,review_ready,client_documents,0,471,471,/mnt/legacy/Clients/Rhod Williams/Marcus Foods 493-02707-2024/Client Documents/PO/21001 -- 24000/22001 - 23000/22601 - 22700,/mnt/ediscovery/986c0fee-1390-43bb-ad28-8cd1db6de53f/d389d889-4fe9-41c9-b74e-622d93d244f8/Client_Documents_—_PO_—_21001_--_24000_—_22001_-_23000_—_22601_-_22700,2026-06-14 01:42:49.699285+00:00
10e1dbe9-2ce0-41db-8299-ce73ccf4b168,Client Documents — PO — 21001 -- 24000 — 22001 - 23000 — 22301 - 22400,review_ready,client_documents,0,429,429,/mnt/legacy/Clients/Rhod Williams/Marcus Foods 493-02707-2024/Client Documents/PO/21001 -- 24000/22001 - 23000/22301 - 22400,/mnt/ediscovery/986c0fee-1390-43bb-ad28-8cd1db6de53f/d389d889-4fe9-41c9-b74e-622d93d244f8/Client_Documents_—_PO_—_21001_--_24000_—_22001_-_23000_—_22301_-_22400,2026-06-14 01:42:49.699285+00:00
4ee06844-af89-4901-a861-1031f4a32c6d,Client Documents — PO — 21001 -- 24000 — 22001 - 23000 — 22701 -22800,review_ready,client_documents,0,477,477,/mnt/legacy/Clients/Rhod Williams/Marcus Foods 493-02707-2024/Client Documents/PO/21001 -- 24000/22001 - 23000/22701 -22800,/mnt/ediscovery/986c0fee-1390-43bb-ad28-8cd1db6de53f/d389d889-4fe9-41c9-b74e-622d93d244f8/Client_Documents_—_PO_—_21001_--_24000_—_22001_-_23000_—_22701_-22800,2026-06-14 01:42:49.699285+00:00
de2f7429-e135-46a1-8e8d-1e119f6622ea,Client Documents — PO — 21001 -- 24000 — 22001 - 23000 — 22101 - 22200,review_ready,client_documents,0,487,487,/mnt/legacy/Clients/Rhod Williams/Marcus Foods 493-02707-2024/Client Documents/PO/21001 -- 24000/22001 - 23000/22101 - 22200,/mnt/ediscovery/986c0fee-1390-43bb-ad28-8cd1db6de53f/d389d889-4fe9-41c9-b74e-622d93d244f8/Client_Documents_—_PO_—_21001_--_24000_—_22001_-_23000_—_22101_-_22200,2026-06-14 01:42:49.699285+00:00
